Date;Close
2000-01-04;13.5
2000-01-05;10.871094
2000-01-06;10.875
2000-01-07;10.8125
2000-01-10;11.25
2000-01-11;10.75
2000-01-12;11.125
2000-01-13;11.6875
2000-01-14;12.25
2000-01-18;11.8125
2000-01-19;12.3125
2000-01-20;12.5
2000-01-21;11.875
2000-01-24;11.9375
2000-01-25;12
2000-01-26;13.25
2000-01-27;15.25
2000-01-28;15.25
2000-01-31;15.03125
2000-02-01;15.25
2000-02-02;15.25
2000-02-03;16.4375
2000-02-04;16.8125
2000-02-07;16.625
2000-02-08;17.5
2000-02-09;22.25
2000-02-10;21.75
2000-02-11;20.875
2000-02-14;20
2000-02-15;22.5
2000-02-16;21.5
2000-02-17;19.25
2000-02-18;19.375
2000-02-22;21.75
2000-02-23;22.5
2000-02-24;21.6875
2000-02-25;23.5
2000-02-28;22
2000-02-29;23.25
2000-03-01;23.25
2000-03-02;30
2000-03-03;34.25
2000-03-06;45.5
2000-03-07;38.75
2000-03-08;46
2000-03-09;52
2000-03-10;42
2000-03-13;34
2000-03-14;32
2000-03-15;34
2000-03-16;33.5
2000-03-17;30.40625
2000-03-20;34.5
2000-03-21;36
2000-03-22;35.5
2000-03-23;34
2000-03-24;37
2000-03-27;38
2000-03-28;37.5
2000-03-29;33.75
2000-03-30;33
2000-03-31;32
2000-04-03;26.75
2000-04-04;25
2000-04-05;26
2000-04-06;29.75
2000-04-07;34
2000-04-10;33.75
2000-04-11;32
2000-04-12;28.5
2000-04-13;28
2000-04-14;23.5
2000-04-17;24
2000-04-18;24.5
2000-04-19;25
2000-04-20;22.5
2000-04-24;22.5
2000-04-25;22.25
2000-04-26;20
2000-04-27;21.5
2000-04-28;22.5
2000-05-01;22.5
2000-05-02;24
2000-05-03;23.75
2000-05-04;24.5
2000-05-05;24.5
2000-05-08;23
2000-05-09;21.5
2000-05-10;18.5
2000-05-11;22.5
2000-05-12;23
2000-05-15;22
2000-05-16;22.5
2000-05-17;21
2000-05-18;23
2000-05-19;23
2000-05-22;19.5
2000-05-23;20
2000-05-24;21
2000-05-25;19.5
2000-05-26;20
2000-05-30;21
2000-05-31;21
2000-06-01;22
2000-06-02;22.5
2000-06-05;22
2000-06-06;21
2000-06-07;24.5
2000-06-08;23.5
2000-06-09;21.5
2000-06-12;22.5
2000-06-13;23.625
2000-06-14;21.625
2000-06-15;21.625
2000-06-16;22
2000-06-19;20
2000-06-20;21.5
2000-06-21;20
2000-06-22;21
2000-06-23;19.5
2000-06-26;19.5
2000-06-27;18.5
2000-06-28;19
2000-06-29;18.75
2000-06-30;18.75
2000-07-03;18.75
2000-07-05;19.5
2000-07-06;18.25
2000-07-07;18.75
2000-07-10;18
2000-07-11;19
2000-07-12;20
2000-07-13;19.75
2000-07-14;20
2000-07-17;21
2000-07-18;21
2000-07-19;22
2000-07-20;21.25
2000-07-21;22.5
2000-07-24;22.25
2000-07-25;22.25
2000-07-26;21.75
2000-07-27;20.5
2000-07-28;21.25
2000-07-31;21.75
2000-08-01;24.25
2000-08-02;23.25
2000-08-03;24
2000-08-04;23.75
2000-08-07;23
2000-08-08;22.5
2000-08-09;22.5
2000-08-10;23.5
2000-08-11;22.5
2000-08-14;21.875
2000-08-15;22
2000-08-16;21.5
2000-08-17;22
2000-08-18;22.25
2000-08-21;22.5
2000-08-22;22.5
2000-08-23;22.5
2000-08-24;21.75
2000-08-25;22
2000-08-28;22.5
2000-08-29;22.25
2000-08-30;20.5
2000-08-31;22.5
2000-09-01;20.75
2000-09-05;21.75
2000-09-06;21.25
2000-09-07;21.25
2000-09-08;21.25
2000-09-11;20.5
2000-09-12;20
2000-09-13;20.25
2000-09-14;20.75
2000-09-15;21.25
2000-09-18;19.25
2000-09-19;18.875
2000-09-20;18.5
2000-09-21;16.5
2000-09-22;14.75
2000-09-25;20
2000-09-26;18
2000-09-27;18.75
2000-09-28;18.5
2000-09-29;19.25
2000-10-02;18.5
2000-10-03;18.5
2000-10-04;17.5
2000-10-05;17.5
2000-10-06;17.5
2000-10-09;16.75
2000-10-10;16
2000-10-11;15.25
2000-10-12;15.25
2000-10-13;15
2000-10-16;16
2000-10-17;15.125
2000-10-18;14.5
2000-10-19;14.75
2000-10-20;16.25
2000-10-23;16
2000-10-24;16.5
2000-10-25;15
2000-10-26;15
2000-10-27;16.375
2000-10-30;15.5
2000-10-31;16
2000-11-01;16.625
2000-11-02;16.125
2000-11-03;17
2000-11-06;17.375
2000-11-07;17.25
2000-11-08;17.375
2000-11-09;17.25
2000-11-10;16
2000-11-13;14.875
2000-11-14;16.375
2000-11-15;16.75
2000-11-16;16.125
2000-11-17;15.75
2000-11-20;15.5
2000-11-21;15.5
2000-11-22;15.25
2000-11-24;14.75
2000-11-27;14.875
2000-11-28;14.875
2000-11-29;14
2000-11-30;12.875
2000-12-01;14.375
2000-12-04;14.25
2000-12-05;15.375
2000-12-06;15.25
2000-12-07;15.125
2000-12-08;14.625
2000-12-11;14
2000-12-12;13.625
2000-12-13;13.25
2000-12-14;13.5
2000-12-15;13
2000-12-18;13
2000-12-19;12.875
2000-12-20;11.75
2000-12-21;10.5
2000-12-22;10.5
2000-12-26;10.5
2000-12-27;11
2000-12-28;11.5
2000-12-29;12
2001-01-02;11.5
2001-01-03;11.875
2001-01-04;12
2001-01-05;13
2001-01-08;12.5
2001-01-09;13
2001-01-10;13
2001-01-11;14.25
2001-01-12;14.625
2001-01-16;15.5
2001-01-17;14.875
2001-01-18;15.375
2001-01-19;18
2001-01-22;17.625
2001-01-23;17.75
2001-01-24;17.25
2001-01-25;17
2001-01-26;17.25
2001-01-29;17.25
2001-01-30;17.625
2001-01-31;17.75
2001-02-01;17.5
2001-02-02;17.296875
2001-02-05;15.75
2001-02-06;15.75
2001-02-07;15.375
2001-02-08;15.5
2001-02-09;15.5
2001-02-12;16.40625
2001-02-13;16.25
2001-02-14;16.375
2001-02-15;16.796875
2001-02-16;16.625
2001-02-20;16
2001-02-21;16.125
2001-02-22;15.875
2001-02-23;15.5
2001-02-26;15.78125
2001-02-27;16.03125
2001-02-28;16
2001-03-01;15.25
2001-03-02;15.25
2001-03-05;14.5
2001-03-06;15
2001-03-07;15.625
2001-03-08;14.75
2001-03-09;13.25
2001-03-12;13
2001-03-13;14
2001-03-14;13.375
2001-03-15;14.015625
2001-03-16;13.75
2001-03-19;13.296875
2001-03-20;13.25
2001-03-21;13.625
2001-03-22;12.953125
2001-03-23;13.375
2001-03-26;13.703125
2001-03-27;13.40625
2001-03-28;13.5
2001-03-29;13
2001-03-30;13.296875
2001-04-02;13.375
2001-04-03;12.875
2001-04-04;12.125
2001-04-05;13.25
2001-04-06;12.5
2001-04-09;12.45
2001-04-10;12.7
2001-04-11;13.4
2001-04-12;13.63
2001-04-16;13.45
2001-04-17;13.25
2001-04-18;14.3
2001-04-19;14.88
2001-04-20;14.9
2001-04-23;14.25
2001-04-24;14.6
2001-04-25;15.3
2001-04-26;16.4
2001-04-27;15.75
2001-04-30;16.200001
2001-05-01;16
2001-05-02;17.25
2001-05-03;17.25
2001-05-04;16.5
2001-05-07;16
2001-05-08;16
2001-05-09;15.75
2001-05-10;15.3
2001-05-11;14.5
2001-05-14;14.7
2001-05-15;14.25
2001-05-16;13.87
2001-05-17;13.9
2001-05-18;13.6
2001-05-21;14.6
2001-05-22;14.6
2001-05-23;14.75
2001-05-24;15
2001-05-25;14.5
2001-05-29;14.25
2001-05-30;13.8
2001-05-31;14
2001-06-01;13.95
2001-06-04;13.65
2001-06-05;14.75
2001-06-06;14.25
2001-06-07;14.3
2001-06-08;14.3
2001-06-11;14.55
2001-06-12;14.63
2001-06-13;13.75
2001-06-14;13.38
2001-06-15;13.13
2001-06-18;13
2001-06-19;13
2001-06-20;12.5
2001-06-21;13.05
2001-06-22;13.35
2001-06-25;13.38
2001-06-26;13.1
2001-06-27;13.15
2001-06-28;11.88
2001-06-29;11.5
2001-07-02;11.5
2001-07-03;11.6
2001-07-05;11
2001-07-06;11.25
2001-07-09;11
2001-07-10;11.5
2001-07-11;10.65
2001-07-12;11.5
2001-07-13;11.05
2001-07-16;11.3
2001-07-17;10.88
2001-07-18;10
2001-07-19;10.25
2001-07-20;10.75
2001-07-23;10.38
2001-07-24;10.25
2001-07-25;10.4
2001-07-26;10.38
2001-07-27;10.5
2001-07-30;10.38
2001-07-31;10.5
2001-08-01;10.7
2001-08-02;10.75
2001-08-03;10.25
2001-08-06;10.63
2001-08-07;9.5
2001-08-08;9.6
2001-08-09;8.76
2001-08-10;9.5
2001-08-13;10
2001-08-14;10.35
2001-08-15;10.6
2001-08-16;11
2001-08-17;10.4
2001-08-20;10.5
2001-08-21;9.88
2001-08-22;9.95
2001-08-23;9.88
2001-08-24;8.95
2001-08-27;9.5
2001-08-28;9.7
2001-08-29;9
2001-08-30;9.65
2001-08-31;9.65
2001-09-04;9.1
2001-09-05;9.25
2001-09-06;8.8
2001-09-07;8
2001-09-10;7.3
2001-09-17;7.1
2001-09-18;7.1
2001-09-19;7.4
2001-09-20;6.8
2001-09-21;7
2001-09-24;7.35
2001-09-25;7.65
2001-09-26;7.25
2001-09-27;7.25
2001-09-28;7.45
2001-10-01;7.5
2001-10-02;7.6
2001-10-03;8.1
2001-10-04;8.88
2001-10-05;8.75
2001-10-08;7.75
2001-10-09;8.4
2001-10-10;8.7
2001-10-11;9.65
2001-10-12;8.9
2001-10-15;8.65
2001-10-16;8.8
2001-10-17;9.15
2001-10-18;8.4
2001-10-19;7.95
2001-10-22;7.75
2001-10-23;8.05
2001-10-24;8
2001-10-25;8.15
2001-10-26;8.3
2001-10-29;7.95
2001-10-30;7.95
2001-10-31;8.5
2001-11-01;8
2001-11-02;7.75
2001-11-05;8
2001-11-06;7.75
2001-11-07;7.5
2001-11-08;7.8
2001-11-09;7.35
2001-11-12;7.7
2001-11-13;8
2001-11-14;8
2001-11-15;8.5
2001-11-16;8.5
2001-11-19;8.2
2001-11-20;7.88
2001-11-21;8.25
2001-11-23;8.4
2001-11-26;8.5
2001-11-27;8.5
2001-11-28;8.95
2001-11-29;8.95
2001-11-30;8.55
2001-12-03;8.88
2001-12-04;8.95
2001-12-05;9.55
2001-12-06;10.25
2001-12-07;9.8
2001-12-10;9.01
2001-12-11;9.85
2001-12-12;9.6
2001-12-13;8.88
2001-12-14;9
2001-12-17;8.9
2001-12-18;9.1
2001-12-19;9.25
2001-12-20;9.5
2001-12-21;9.3
2001-12-24;9.5
2001-12-26;9.5
2001-12-27;9.85
2001-12-28;9.85
2001-12-31;10.25
2002-01-02;10.3
2002-01-03;10.5
2002-01-04;11
2002-01-07;10.85
2002-01-08;10.6
2002-01-09;10.25
2002-01-10;10
2002-01-11;10.15
2002-01-14;10
2002-01-15;10
2002-01-16;9.5
2002-01-17;10.25
2002-01-18;9.86
2002-01-22;9.75
2002-01-23;10.1
2002-01-24;9.75
2002-01-25;9.25
2002-01-28;9
2002-01-29;8.85
2002-01-30;9.3
2002-01-31;9.3
2002-02-01;8.88
2002-02-04;8.75
2002-02-05;8.63
2002-02-06;5.3
2002-02-07;8
2002-02-08;8.4
2002-02-11;8.75
2002-02-12;8.2
2002-02-13;8.5
2002-02-14;8.4
2002-02-15;8.5
2002-02-19;8.45
2002-02-20;8.8
2002-02-21;8.5
2002-02-22;8.5
2002-02-25;8
2002-02-26;7.9
2002-02-27;8.25
2002-02-28;8.2
2002-03-01;8.2
2002-03-04;8.5
2002-03-05;8.65
2002-03-06;8.75
2002-03-07;9.2
2002-03-08;8.8
2002-03-11;9
2002-03-12;9
2002-03-13;9
2002-03-14;8.63
2002-03-15;8.75
2002-03-18;8.85
2002-03-19;8.65
2002-03-20;8.3
2002-03-21;8
2002-03-22;8.3
2002-03-25;8.35
2002-03-26;8.55
2002-03-27;8.5
2002-03-28;8.35
2002-04-01;8.3
2002-04-02;8.15
2002-04-03;8.45
2002-04-04;8.6
2002-04-05;8.15
2002-04-08;8.3
2002-04-09;8.55
2002-04-10;8
2002-04-11;8
2002-04-12;8
2002-04-15;8.1
2002-04-16;7.95
2002-04-17;8.25
2002-04-18;8.38
2002-04-19;8.38
2002-04-22;8.38
2002-04-23;8.3
2002-04-24;8
2002-04-25;7.9
2002-04-26;8.5
2002-04-29;7.65
2002-04-30;7.75
2002-05-01;7.75
2002-05-02;8
2002-05-03;8.1
2002-05-06;8.25
2002-05-07;8.3
2002-05-08;8.6
2002-05-09;8.4
2002-05-10;8.4
2002-05-13;8.4
2002-05-14;8.4
2002-05-15;8.1
2002-05-16;8.35
2002-05-17;8.55
2002-05-20;8.55
2002-05-21;8.45
2002-05-22;8.3
2002-05-23;8.5
2002-05-24;8.35
2002-05-28;8.25
2002-05-29;8.25
2002-05-30;7.5
2002-05-31;7.5
2002-06-03;8
2002-06-04;7.85
2002-06-05;7.95
2002-06-06;8.1
2002-06-07;8.05
2002-06-10;7.9
2002-06-11;8.15
2002-06-12;8.15
2002-06-13;8
2002-06-14;8.25
2002-06-17;8.1
2002-06-18;7.85
2002-06-19;7.85
2002-06-20;8.13
2002-06-21;7.7
2002-06-24;7.63
2002-06-25;7.5
2002-06-26;6.75
2002-06-27;7.5
2002-06-28;7.1
2002-07-01;7.15
2002-07-02;7.1
2002-07-03;7.25
2002-07-05;7.25
2002-07-08;7.25
2002-07-09;6.95
2002-07-10;7
2002-07-11;6.63
2002-07-12;7
2002-07-15;7
2002-07-16;7.1
2002-07-17;6.8
2002-07-18;7
2002-07-19;7.1
2002-07-22;7
2002-07-23;7
2002-07-24;7
2002-07-25;6.85
2002-07-26;7
2002-07-29;7
2002-07-30;7.25
2002-07-31;7.25
2002-08-01;7.25
2002-08-02;7
2002-08-05;6.8
2002-08-06;6.63
2002-08-07;6.8
2002-08-08;7
2002-08-09;6.75
2002-08-12;6.75
2002-08-13;6.65
2002-08-14;6.75
2002-08-15;7.25
2002-08-16;7.63
2002-08-19;7.6
2002-08-20;7.75
2002-08-21;8.35
2002-08-22;7.95
2002-08-23;7.65
2002-08-26;7.9
2002-08-27;7.45
2002-08-28;7.35
2002-08-29;7.25
2002-08-30;7.4
2002-09-03;7.05
2002-09-04;7.05
2002-09-05;7.1
2002-09-06;7.25
2002-09-09;7.2
2002-09-10;7.6
2002-09-11;7.5
2002-09-12;7.6
2002-09-13;7.31
2002-09-16;7
2002-09-17;7.3
2002-09-18;7
2002-09-19;7.05
2002-09-20;6.9
2002-09-23;6.7
2002-09-24;6.75
2002-09-25;6.75
2002-09-26;6.95
2002-09-27;6.9
2002-09-30;6.85
2002-10-01;6.9
2002-10-02;6.65
2002-10-03;6.85
2002-10-04;6.6
2002-10-07;5.6
2002-10-08;6
2002-10-09;5.75
2002-10-10;5.55
2002-10-11;5.5
2002-10-14;5.9
2002-10-15;6
2002-10-16;6.6
2002-10-17;6.3
2002-10-18;6.75
2002-10-21;6.63
2002-10-22;6.4
2002-10-23;6.85
2002-10-24;6.9
2002-10-25;6.9
2002-10-28;7
2002-10-29;7.2
2002-10-30;6.8
2002-10-31;7.16
2002-11-01;6.8
2002-11-04;7
2002-11-05;7.5
2002-11-06;7.13
2002-11-07;7.9
2002-11-08;7.25
2002-11-11;6.9
2002-11-12;6.9
2002-11-13;6.8
2002-11-14;6.8
2002-11-15;7.3
2002-11-18;7.15
2002-11-19;7.45
2002-11-20;7.4
2002-11-21;7
2002-11-22;7.55
2002-11-25;7.35
2002-11-26;7.2
2002-11-27;7.13
2002-11-29;7.15
2002-12-02;7.31
2002-12-03;7.5
2002-12-04;7.2
2002-12-05;7.35
2002-12-06;7.5
2002-12-09;7
2002-12-10;7.1
2002-12-11;7.5
2002-12-12;6.9
2002-12-13;7.15
2002-12-16;6.9
2002-12-17;6.75
2002-12-18;6.75
2002-12-19;6.75
2002-12-20;6.65
2002-12-23;7.15
2002-12-24;6.7
2002-12-26;6.7
2002-12-27;6.5
2002-12-30;7
2002-12-31;6.5
2003-01-02;6.05
2003-01-03;6.75
2003-01-06;6.75
2003-01-07;6.88
2003-01-08;6.9
2003-01-09;7.3
2003-01-10;7.2
2003-01-13;7.85
2003-01-14;7.25
2003-01-15;7.65
2003-01-16;7.5
2003-01-17;7.2
2003-01-21;7.65
2003-01-22;7.7
2003-01-23;8.25
2003-01-24;7.6
2003-01-27;7.15
2003-01-28;7.25
2003-01-29;7.13
2003-01-30;7.2
2003-01-31;7.1
2003-02-03;7.1
2003-02-04;7
2003-02-05;7.05
2003-02-06;7.3
2003-02-07;7.1
2003-02-10;7.1
2003-02-11;7.15
2003-02-12;7.25
2003-02-13;7.3
2003-02-14;7.25
2003-02-18;7.25
2003-02-19;7.55
2003-02-20;7.15
2003-02-21;7
2003-02-24;7.25
2003-02-25;7
2003-02-26;6.95
2003-02-27;6.9
2003-02-28;6.6
2003-03-03;6.85
2003-03-04;6.85
2003-03-05;6.75
2003-03-06;6.75
2003-03-07;6.75
2003-03-10;6.46
2003-03-11;6.57
2003-03-12;6.2
2003-03-13;6.5
2003-03-14;6.36
2003-03-17;6.35
2003-03-18;6.85
2003-03-19;6.55
2003-03-20;6.55
2003-03-21;6.56
2003-03-24;6.4
2003-03-25;6.4
2003-03-26;6.5
2003-03-27;6.4
2003-03-28;6.4
2003-03-31;6.4
2003-04-01;6.45
2003-04-02;6.5
2003-04-03;6.5
2003-04-04;6.2
2003-04-07;6.4
2003-04-08;6.5
2003-04-09;6.5
2003-04-10;6.5
2003-04-11;6.2
2003-04-14;6.5
2003-04-15;6.2
2003-04-16;6.25
2003-04-17;6.15
2003-04-21;6
2003-04-22;5.9
2003-04-23;5.9
2003-04-24;5.45
2003-04-25;5.5
2003-04-28;5.3
2003-04-29;5.5
2003-04-30;5.45
2003-05-01;5.45
2003-05-02;5.85
2003-05-05;5.65
2003-05-06;5.7
2003-05-07;5.65
2003-05-08;5.35
2003-05-09;5.45
2003-05-12;5.55
2003-05-13;5.65
2003-05-14;5.65
2003-05-15;5.6
2003-05-16;5.5
2003-05-19;5.6
2003-05-20;5.7
2003-05-21;5.7
2003-05-22;5.35
2003-05-23;5.7
2003-05-27;6.15
2003-05-28;5.95
2003-05-29;6.2
2003-05-30;6
2003-06-02;6.2
2003-06-03;6.4
2003-06-04;6.4
2003-06-05;6.55
2003-06-06;6.7
2003-06-09;6.65
2003-06-10;6.95
2003-06-11;6.7
2003-06-12;6.8
2003-06-13;6.75
2003-06-16;6.85
2003-06-17;7.01
2003-06-18;6.75
2003-06-19;7
2003-06-20;6.85
2003-06-23;6.5
2003-06-24;6.38
2003-06-25;6.56
2003-06-26;6.64
2003-06-27;6.5
2003-06-30;6.5
2003-07-01;6.5
2003-07-02;6.8
2003-07-03;7.15
2003-07-07;7.4
2003-07-08;7.25
2003-07-09;7.6
2003-07-10;7.4
2003-07-11;7.3
2003-07-14;7.85
2003-07-15;7.65
2003-07-16;7.61
2003-07-17;7.3
2003-07-18;7.3
2003-07-21;7.4
2003-07-22;7.25
2003-07-23;7.2
2003-07-24;7.25
2003-07-25;7.3
2003-07-28;7.8
2003-07-29;7.85
2003-07-30;7.9
2003-07-31;8
2003-08-01;7.55
2003-08-04;7.55
2003-08-05;7.85
2003-08-06;7.5
2003-08-07;7.5
2003-08-08;7.25
2003-08-11;7.25
2003-08-12;7.3
2003-08-13;7.7
2003-08-14;7.65
2003-08-15;7.8
2003-08-18;7.5
2003-08-19;7.75
2003-08-20;7.5
2003-08-21;7.4
2003-08-22;7.85
2003-08-25;7.55
2003-08-26;7.45
2003-08-27;7.45
2003-08-28;7.75
2003-08-29;8.45
2003-09-02;8.45
2003-09-03;8.7
2003-09-04;8.7
2003-09-05;8.5
2003-09-08;8.6
2003-09-09;8.8
2003-09-10;8.65
2003-09-11;8.55
2003-09-12;8.55
2003-09-15;8.5
2003-09-16;8.6
2003-09-17;8.7
2003-09-18;8.65
2003-09-19;8.2
2003-09-22;7.95
2003-09-23;8.2
2003-09-24;8.65
2003-09-25;8.05
2003-09-26;8
2003-09-29;7.9
2003-09-30;7.95
2003-10-01;8
2003-10-02;7.8
2003-10-03;8
2003-10-06;8
2003-10-07;8.25
2003-10-08;8.25
2003-10-09;8.25
2003-10-10;8.55
2003-10-13;9.15
2003-10-14;9.1
2003-10-15;8.8
2003-10-16;8.9
2003-10-17;8.8
2003-10-20;9.15
2003-10-21;9.05
2003-10-22;9.35
2003-10-23;9.25
2003-10-24;9.15
2003-10-27;9.4
2003-10-28;9.4
2003-10-29;9.65
2003-10-30;9.3
2003-10-31;9.5
2003-11-03;9.55
2003-11-04;9.75
2003-11-05;9.15
2003-11-06;8.5
2003-11-07;8.65
2003-11-10;8.45
2003-11-11;8.4
2003-11-12;8.44
2003-11-13;8.25
2003-11-14;8.25
2003-11-17;7.85
2003-11-18;8
2003-11-19;8
2003-11-20;8
2003-11-21;8
2003-11-24;8
2003-11-25;8.25
2003-11-26;8.2
2003-11-28;8.65
2003-12-01;8.45
2003-12-02;8.4
2003-12-03;8.5
2003-12-04;8.25
2003-12-05;8.45
2003-12-08;8.4
2003-12-09;8.6
2003-12-10;8.65
2003-12-11;9
2003-12-12;9
2003-12-15;8.75
2003-12-16;8.65
2003-12-17;8.5
2003-12-18;8.75
2003-12-19;8.75
2003-12-22;8.8
2003-12-23;8.65
2003-12-24;8.7
2003-12-26;8.7
2003-12-29;8.69
2003-12-30;8.65
2003-12-31;8.65
2004-01-02;9.05
2004-01-05;9.14
2004-01-06;9.45
2004-01-07;9.39
2004-01-08;9.49
2004-01-09;9.45
2004-01-12;9.53
2004-01-13;9.18
2004-01-14;9.15
2004-01-15;9.15
2004-01-16;9.05
2004-01-20;9.1
2004-01-21;9.35
2004-01-22;9.4
2004-01-23;9.4
2004-01-26;9.3
2004-01-27;9.9
2004-01-28;9.65
2004-01-29;9.9
2004-01-30;9.8
2004-02-02;9.6
2004-02-03;9.5
2004-02-04;9.26
2004-02-05;9.2
2004-02-06;9.45
2004-02-09;9.75
2004-02-10;9.65
2004-02-11;9.45
2004-02-12;9.45
2004-02-13;9.6
2004-02-17;9.7
2004-02-18;9.5
2004-02-19;8.9
2004-02-20;8.64
2004-02-23;8.5
2004-02-24;8.4
2004-02-25;8.4
2004-02-26;8.4
2004-02-27;8.4
2004-03-01;8.45
2004-03-02;8.5
2004-03-03;8.45
2004-03-04;8.25
2004-03-05;8.15
2004-03-08;8.15
2004-03-09;8.2
2004-03-10;8
2004-03-11;7.6
2004-03-12;7.6
2004-03-15;7.65
2004-03-16;7.5
2004-03-17;7.4
2004-03-18;7.2
2004-03-19;7.25
2004-03-22;7
2004-03-23;6.95
2004-03-24;7
2004-03-25;7
2004-03-26;7.3
2004-03-29;7.25
2004-03-30;7.05
2004-03-31;7.35
2004-04-01;7.2
2004-04-02;7.45
2004-04-05;7.6
2004-04-06;7.55
2004-04-07;7.6
2004-04-08;7.55
2004-04-12;7.75
2004-04-13;7.65
2004-04-14;7.3
2004-04-15;7.3
2004-04-16;7.15
2004-04-19;7.1
2004-04-20;6.5
2004-04-21;6.35
2004-04-22;6.25
2004-04-23;6.7
2004-04-26;6.3
2004-04-27;6.25
2004-04-28;6.1
2004-04-29;5.9
2004-04-30;7.25
2004-05-03;6.15
2004-05-04;6.05
2004-05-05;6
2004-05-06;8
2004-05-07;6
2004-05-10;5.6
2004-05-11;5.7
2004-05-12;5.75
2004-05-13;5.85
2004-05-14;5.85
2004-05-17;5.05
2004-05-18;5.25
2004-05-19;5.65
2004-05-20;5.8
2004-05-21;6.05
2004-05-24;6.15
2004-05-25;6
2004-05-26;6
2004-05-27;6.3
2004-05-28;6.35
2004-06-01;6.35
2004-06-02;5.95
2004-06-03;5.45
2004-06-04;5.4
2004-06-07;5.65
2004-06-08;5.6
2004-06-09;5.45
2004-06-10;5.4
2004-06-14;5.25
2004-06-15;5.3
2004-06-16;5.4
2004-06-17;5.2
2004-06-18;5.1
2004-06-21;5.05
2004-06-22;5
2004-06-23;5
2004-06-24;5.25
2004-06-25;5.3
2004-06-28;5.2
2004-06-29;5.2
2004-06-30;5.25
2004-07-01;5.27
2004-07-02;5.3
2004-07-06;5.35
2004-07-07;5.5
2004-07-08;5.3
2004-07-09;5.4
2004-07-12;5.25
2004-07-13;5.15
2004-07-14;5.1
2004-07-15;5.05
2004-07-16;5.2
2004-07-19;5.2
2004-07-20;5.2
2004-07-21;5.3
2004-07-22;5.15
2004-07-23;5.15
2004-07-26;5.15
2004-07-27;5.2
2004-07-28;5.25
2004-07-29;5.15
2004-07-30;5.35
2004-08-02;5.2
2004-08-03;5.2
2004-08-04;5.15
2004-08-05;5.25
2004-08-06;5.15
2004-08-09;5.2
2004-08-10;5.25
2004-08-11;5.05
2004-08-12;5.5
2004-08-13;5.75
2004-08-16;5.7
2004-08-17;5.55
2004-08-18;5.65
2004-08-19;5.95
2004-08-20;5.85
2004-08-23;5.85
2004-08-24;6
2004-08-25;6.2
2004-08-26;6.1
2004-08-27;6.06
2004-08-30;6.1
2004-08-31;6.2
2004-09-01;6.25
2004-09-02;6.05
2004-09-03;5.9
2004-09-07;6.25
2004-09-08;6.1
2004-09-09;6.1
2004-09-10;6.1
2004-09-13;6.1
2004-09-14;6.15
2004-09-15;6.05
2004-09-16;6.2
2004-09-17;6.5
2004-09-20;7.05
2004-09-21;6.85
2004-09-22;6.5
2004-09-23;6.7
2004-09-24;6.4
2004-09-27;6.6
2004-09-28;6.4
2004-09-29;6.4
2004-09-30;6.55
2004-10-01;6.6
2004-10-04;6.7
2004-10-05;6.85
2004-10-06;6.7
2004-10-07;6.65
2004-10-08;6.63
2004-10-11;6.65
2004-10-12;6.6
2004-10-13;6.6
2004-10-14;6.6
2004-10-15;6.7
2004-10-18;6.4
2004-10-19;6.55
2004-10-20;6.6
2004-10-21;6.8
2004-10-22;6.8
2004-10-25;6.8
2004-10-26;6.85
2004-10-27;6.8
2004-10-28;6.95
2004-10-29;7.05
2004-11-01;7.1
2004-11-02;7.35
2004-11-03;7.4
2004-11-04;7.15
2004-11-05;7.2
2004-11-08;7.05
2004-11-09;7
2004-11-10;7.05
2004-11-11;7.1
2004-11-12;7.5
2004-11-15;7.91
2004-11-16;6.95
2004-11-17;6.7
2004-11-18;6.65
2004-11-19;6.7
2004-11-22;6.5
2004-11-23;6.4
2004-11-24;6.65
2004-11-26;6.8
2004-11-29;6.7
2004-11-30;6.75
2004-12-01;6.9
2004-12-02;6.8
2004-12-03;6.9
2004-12-06;7.25
2004-12-07;7.6
2004-12-08;8.11
2004-12-09;6.85
2004-12-10;6.4
2004-12-13;6.2
2004-12-14;5.95
2004-12-15;6.05
2004-12-16;6.05
2004-12-17;6.05
2004-12-20;6.15
2004-12-21;6.15
2004-12-22;6.2
2004-12-23;6.25
2004-12-27;6.3
2004-12-28;6.4
2004-12-29;6.3
2004-12-30;6.15
2004-12-31;6.05
2005-01-03;6.1
2005-01-04;5.95
2005-01-05;5.6
2005-01-06;5.5
2005-01-07;5.5
2005-01-10;5.6
2005-01-11;5.65
2005-01-12;5.65
2005-01-13;5.49
2005-01-14;5.5
2005-01-18;5.6
2005-01-19;5.65
2005-01-20;5.45
2005-01-21;5.25
2005-01-24;5.6
2005-01-25;5.45
2005-01-26;5.45
2005-01-27;5.3
2005-01-28;5.15
2005-01-31;5.25
2005-02-01;5.45
2005-02-02;5.45
2005-02-03;5.4
2005-02-04;5.25
2005-02-07;5.65
2005-02-08;5.95
2005-02-09;5.95
2005-02-10;5.9
2005-02-11;5.85
2005-02-14;5.75
2005-02-15;5.8
2005-02-16;5.7
2005-02-17;5.45
2005-02-18;5.45
2005-02-22;5.6
2005-02-23;5.45
2005-02-24;5.55
2005-02-25;5.7
2005-02-28;5.65
2005-03-01;5.6
2005-03-02;5.55
2005-03-03;5.7
2005-03-04;5.8
2005-03-07;5.9
2005-03-08;5.85
2005-03-09;6
2005-03-10;6.55
2005-03-11;6.55
2005-03-14;6.35
2005-03-15;6.25
2005-03-16;6.35
2005-03-17;6.3
2005-03-18;6.3
2005-03-21;6.4
2005-03-22;6.45
2005-03-23;6.3
2005-03-24;6.5
2005-03-28;6.6
2005-03-29;6.7
2005-03-30;6.74
2005-03-31;6.9
2005-04-01;6.8
2005-04-04;6.45
2005-04-05;6.45
2005-04-06;6.5
2005-04-07;6.55
2005-04-08;6.5
2005-04-11;6.65
2005-04-12;6.65
2005-04-13;6.65
2005-04-14;6.55
2005-04-15;6.4
2005-04-18;6.15
2005-04-19;6.4
2005-04-20;6.4
2005-04-21;6.4
2005-04-22;6.35
2005-04-25;6.35
2005-04-26;6.35
2005-04-27;6.35
2005-04-28;6.4
2005-04-29;6.35
2005-05-02;6.42
2005-05-03;6.5
2005-05-04;6.6
2005-05-05;6.65
2005-05-06;6.8
2005-05-09;6.67
2005-05-10;6.5
2005-05-11;6.6
2005-05-12;6.7
2005-05-13;6.6
2005-05-16;6.75
2005-05-17;6.55
2005-05-18;6.65
2005-05-19;6.6
2005-05-20;6.55
2005-05-23;6.45
2005-05-24;6.35
2005-05-25;6.25
2005-05-26;6.15
2005-05-27;6.2
2005-05-31;6.3
2005-06-01;6.3
2005-06-02;6.35
2005-06-03;6.4
2005-06-06;6.5
2005-06-07;6.45
2005-06-08;6.3
2005-06-09;6.1
2005-06-10;6.1
2005-06-13;5.9
2005-06-14;5.9
2005-06-15;6.05
2005-06-16;6.15
2005-06-17;6.1
2005-06-20;6.1
2005-06-21;6
2005-06-22;6.15
2005-06-23;6.15
2005-06-24;5.95
2005-06-27;5.99
2005-06-28;6.05
2005-06-29;6
2005-06-30;6
2005-07-01;5.95
2005-07-05;6
2005-07-06;6
2005-07-07;5.85
2005-07-08;5.95
2005-07-11;6.05
2005-07-12;6.1
2005-07-13;6.2
2005-07-14;6.55
2005-07-15;6.55
2005-07-18;6.6
2005-07-19;6.8
2005-07-20;6.9
2005-07-21;6.75
2005-07-22;6.65
2005-07-25;6.6
2005-07-26;6.65
2005-07-27;6.75
2005-07-28;6.8
2005-07-29;6.8
2005-08-01;7.1
2005-08-02;7.4
2005-08-03;7.4
2005-08-04;7.15
2005-08-05;7
2005-08-08;7.1
2005-08-09;7
2005-08-10;7.45
2005-08-11;8.2
2005-08-12;8.25
2005-08-15;8.2
2005-08-16;8.05
2005-08-17;7.85
2005-08-18;7.7
2005-08-19;7.9
2005-08-22;8.1
2005-08-23;8.1
2005-08-24;8.05
2005-08-25;8.15
2005-08-26;8.2
2005-08-29;8.4
2005-08-30;8.25
2005-08-31;8.35
2005-09-01;8.65
2005-09-02;8.4
2005-09-06;8.3
2005-09-07;8.6
2005-09-08;8.5
2005-09-09;8.4
2005-09-12;8.4
2005-09-13;8.45
2005-09-14;8.34
2005-09-15;8.7
2005-09-16;9.15
2005-09-19;9.15
2005-09-20;9.65
2005-09-21;9.5
2005-09-22;9.7
2005-09-23;9.7
2005-09-26;9.55
2005-09-27;9.25
2005-09-28;9.25
2005-09-29;9.6
2005-09-30;9.84
2005-10-03;9.65
2005-10-04;9.55
2005-10-05;9.45
2005-10-06;9.3
2005-10-07;9.2
2005-10-10;9.25
2005-10-11;9.25
2005-10-12;8.9
2005-10-13;8.7
2005-10-14;8.65
2005-10-17;8.9
2005-10-18;8.95
2005-10-19;8.7
2005-10-20;8.8
2005-10-21;9.1
2005-10-24;9.25
2005-10-25;9.55
2005-10-26;10
2005-10-27;9.75
2005-10-28;9.55
2005-10-31;9.9
2005-11-01;9.15
2005-11-02;9.35
2005-11-03;8.9
2005-11-04;8.8
2005-11-07;8.9
2005-11-08;8.95
2005-11-09;9.15
2005-11-10;9.25
2005-11-11;9.45
2005-11-14;9.3
2005-11-15;9.4
2005-11-16;9.5
2005-11-17;9.5
2005-11-18;9.8
2005-11-21;9.85
2005-11-22;9.95
2005-11-23;9.9
2005-11-25;9.7
2005-11-28;9.65
2005-11-29;9.75
2005-11-30;9.8
2005-12-01;9.75
2005-12-02;10
2005-12-05;10
2005-12-06;9.75
2005-12-07;9.75
2005-12-08;9.55
2005-12-09;9.5
2005-12-12;9.6
2005-12-13;9.6
2005-12-14;9.65
2005-12-15;9.6
2005-12-16;9.6
2005-12-19;9.45
2005-12-20;9.55
2005-12-21;9.8
2005-12-22;9.4
2005-12-23;9.4
2005-12-27;9.4
2005-12-28;9.15
2005-12-29;9.16
2005-12-30;9.16
2006-01-03;9.2
2006-01-04;9.2
2006-01-05;9.09
2006-01-06;8.95
2006-01-09;9
2006-01-10;8.75
2006-01-11;8.95
2006-01-12;8.85
2006-01-13;9.15
2006-01-17;8.85
2006-01-18;8.95
2006-01-19;9.35
2006-01-20;9.4
2006-01-23;9.38
2006-01-24;8.95
2006-01-25;9.05
2006-01-26;8.75
2006-01-27;8.2
2006-01-30;8.25
2006-01-31;8.15
2006-02-01;8.1
2006-02-02;8.25
2006-02-03;8.3
2006-02-06;8.15
2006-02-07;8.15
2006-02-08;7.95
2006-02-09;7.9
2006-02-10;8.1
2006-02-13;8.1
2006-02-14;8.2
2006-02-15;8.05
2006-02-16;8.2
2006-02-17;8.3
2006-02-21;8.7
2006-02-22;8.7
2006-02-23;8.65
2006-02-24;8.52
2006-02-27;8.5
2006-02-28;8.4
2006-03-01;8.3
2006-03-02;8.35
2006-03-03;8.3
2006-03-06;8.25
2006-03-07;8.05
2006-03-08;7.95
2006-03-09;7.85
2006-03-10;8.1
2006-03-13;8.15
2006-03-14;8.1
2006-03-15;8.1
2006-03-16;8.05
2006-03-17;8.25
2006-03-20;8.45
2006-03-21;8.55
2006-03-22;8.25
2006-03-23;8.35
2006-03-24;8.4
2006-03-27;8.4
2006-03-28;8.15
2006-03-29;7.9
2006-03-30;7.8
2006-03-31;7.75
2006-04-03;7.8
2006-04-04;7.85
2006-04-05;8
2006-04-06;7.9
2006-04-07;7.95
2006-04-10;7.95
2006-04-11;7.85
2006-04-12;7.75
2006-04-13;7.95
2006-04-17;7.95
2006-04-18;8.05
2006-04-19;8.05
2006-04-20;8
2006-04-21;7.9
2006-04-24;7.6
2006-04-25;7.3
2006-04-26;7.3
2006-04-27;7.35
2006-04-28;7.55
2006-05-01;7.55
2006-05-02;7.6
2006-05-03;7.55
2006-05-04;7.5
2006-05-05;7.5
2006-05-08;7.45
2006-05-09;7.35
2006-05-10;7.3
2006-05-11;7.2
2006-05-12;7
2006-05-15;6.95
2006-05-16;6.95
2006-05-17;6.9
2006-05-18;6.8
2006-05-19;6.9
2006-05-22;6.7
2006-05-23;6.85
2006-05-24;6.65
2006-05-25;6.45
2006-05-26;6
2006-05-30;6.05
2006-05-31;6.25
2006-06-01;6.1
2006-06-02;6.1
2006-06-05;6.05
2006-06-06;6.1
2006-06-07;6
2006-06-08;6
2006-06-09;6.15
2006-06-12;6.1
2006-06-13;5.8
2006-06-14;6
2006-06-15;6.3
2006-06-16;6.4
2006-06-19;6.4
2006-06-20;6.5
2006-06-21;6.45
2006-06-22;6.6
2006-06-23;6.6
2006-06-26;6.7
2006-06-27;6.71
2006-06-28;6.85
2006-06-29;6.75
2006-06-30;6.75
2006-07-03;6.65
2006-07-05;6.6
2006-07-06;6.75
2006-07-07;6.75
2006-07-10;6.8
2006-07-11;6.85
2006-07-12;6.85
2006-07-13;6.51
2006-07-14;6.35
2006-07-17;6.45
2006-07-18;6.45
2006-07-19;6.3
2006-07-20;6.7
2006-07-21;6.7
2006-07-24;6.65
2006-07-25;6.65
2006-07-26;6.45
2006-07-27;6.45
2006-07-28;6.6
2006-07-31;6.45
2006-08-01;6.5
2006-08-02;6.55
2006-08-03;6.45
2006-08-04;6.5
2006-08-07;6.65
2006-08-08;6.8
2006-08-09;6.9
2006-08-10;6.95
2006-08-11;7.05
2006-08-14;6.95
2006-08-15;6.85
2006-08-16;6.85
2006-08-17;7.2
2006-08-18;7.25
2006-08-21;7.1
2006-08-22;7.45
2006-08-23;7.5
2006-08-24;7.65
2006-08-25;7.6
2006-08-28;7.55
2006-08-29;7.6
2006-08-30;7.9
2006-08-31;8.45
2006-09-01;8.35
2006-09-05;7.85
2006-09-06;7.75
2006-09-07;7.3
2006-09-08;7.25
2006-09-11;7.05
2006-09-12;7.4
2006-09-13;7.55
2006-09-14;7.45
2006-09-15;7.8
2006-09-18;7.9
2006-09-19;7.7
2006-09-20;7.85
2006-09-21;7.85
2006-09-22;7.55
2006-09-25;7.55
2006-09-26;7.45
2006-09-27;7.85
2006-09-28;7.75
2006-09-29;7.75
2006-10-02;7.85
2006-10-03;7.8
2006-10-04;8.05
2006-10-05;8.05
2006-10-06;8
2006-10-09;7.75
2006-10-10;7.85
2006-10-11;7.85
2006-10-12;8.17
2006-10-13;8.3
2006-10-16;8.3
2006-10-17;8.15
2006-10-18;8.27
2006-10-19;8.3
2006-10-20;8.5
2006-10-23;8.75
2006-10-24;8.85
2006-10-25;8.97
2006-10-26;8.8
2006-10-27;8.85
2006-10-30;8.85
2006-10-31;8.65
2006-11-01;8.4
2006-11-02;8.65
2006-11-03;8.85
2006-11-06;8.85
2006-11-07;8.75
2006-11-08;8.75
2006-11-09;8.8
2006-11-10;8.05
2006-11-13;8.05
2006-11-14;8.1
2006-11-15;8.2
2006-11-16;8.2
2006-11-17;8.05
2006-11-20;8.05
2006-11-21;8.05
2006-11-22;8
2006-11-24;8
2006-11-27;8
2006-11-28;7.9
2006-11-29;7.85
2006-11-30;8
2006-12-01;8.1
2006-12-04;8.25
2006-12-05;8.25
2006-12-06;8.15
2006-12-07;8.15
2006-12-08;8.1
2006-12-11;8
2006-12-12;7.9
2006-12-13;7.85
2006-12-14;7.95
2006-12-15;7.85
2006-12-18;7.85
2006-12-19;7.8
2006-12-20;7.85
2006-12-21;7.9
2006-12-22;7.85
2006-12-26;7.85
2006-12-27;7.9
2006-12-28;8.05
2006-12-29;8.1
2007-01-03;8.35
2007-01-04;8.35
2007-01-05;8.25
2007-01-08;8.15
2007-01-09;8.65
2007-01-10;8.5
2007-01-11;8.5
2007-01-12;8.4
2007-01-16;8.3
2007-01-17;8.35
2007-01-18;8.5
2007-01-19;8.5
2007-01-22;8.65
2007-01-23;8.5
2007-01-24;8.42
2007-01-25;8.2
2007-01-26;8.05
2007-01-29;7.95
2007-01-30;7.9
2007-01-31;8.1
2007-02-01;8.4
2007-02-02;8.55
2007-02-05;8.7
2007-02-06;8.05
2007-02-07;8.3
2007-02-08;8.15
2007-02-09;8.15
2007-02-12;8
2007-02-13;8
2007-02-14;8.1
2007-02-15;8.15
2007-02-16;8.1
2007-02-20;8.05
2007-02-21;7.95
2007-02-22;7.95
2007-02-23;8
2007-02-26;7.95
2007-02-27;7.85
2007-02-28;7.7
2007-03-01;7.62
2007-03-02;7.25
2007-03-05;7.1
2007-03-06;7.2
2007-03-07;7.25
2007-03-08;7.3
2007-03-09;7.4
2007-03-12;7.45
2007-03-13;7.2
2007-03-14;7.25
2007-03-15;7.4
2007-03-16;7.25
2007-03-19;7.5
2007-03-20;7.55
2007-03-21;7.7
2007-03-22;7.6
2007-03-23;7.6
2007-03-26;7.5
2007-03-27;7.4
2007-03-28;7.3
2007-03-29;7.4
2007-03-30;7.3
2007-04-02;7.2
2007-04-03;7.45
2007-04-04;7.35
2007-04-05;7.4
2007-04-09;7.4
2007-04-10;7.3
2007-04-11;7.2
2007-04-12;7.3
2007-04-13;7.3
2007-04-16;7.4
2007-04-17;7.2
2007-04-18;7.25
2007-04-19;7.25
2007-04-20;7.35
2007-04-23;7.7
2007-04-24;8.05
2007-04-25;8.05
2007-04-26;8.05
2007-04-27;7.95
2007-04-30;7.9
2007-05-01;7.95
2007-05-02;8
2007-05-03;7.9
2007-05-04;8.1
2007-05-07;8
2007-05-08;7.75
2007-05-09;7.4
2007-05-10;7.3
2007-05-11;7.4
2007-05-14;8.1
2007-05-15;8.15
2007-05-16;8.1
2007-05-17;8.05
2007-05-18;8.1
2007-05-21;8.07
2007-05-22;8.15
2007-05-23;8.45
2007-05-24;8.3
2007-05-25;9.2
2007-05-29;10.05
2007-05-30;9.65
2007-05-31;9.9
2007-06-01;10.72
2007-06-04;10.55
2007-06-05;10.85
2007-06-06;11
2007-06-07;11.05
2007-06-08;10.95
2007-06-11;11.05
2007-06-12;11.05
2007-06-13;11.05
2007-06-14;11.35
2007-06-15;12.1
2007-06-18;12.5
2007-06-19;12.5
2007-06-20;13.3
2007-06-21;13.15
2007-06-22;12.8
2007-06-25;12.55
2007-06-26;11.85
2007-06-27;11.35
2007-06-28;11.85
2007-06-29;11.65
2007-07-02;11.7
2007-07-03;11.8
2007-07-05;12
2007-07-06;11.8
2007-07-09;11.65
2007-07-10;11.25
2007-07-11;11.1
2007-07-12;11.51
2007-07-13;11.75
2007-07-16;11.7
2007-07-17;11.7
2007-07-18;11.2
2007-07-19;11.4
2007-07-20;12.15
2007-07-23;12.6
2007-07-24;12.7
2007-07-25;12.6
2007-07-26;12.2
2007-07-27;11.95
2007-07-30;13.2
2007-07-31;13.3
2007-08-01;13.7
2007-08-02;13.51
2007-08-03;13.2
2007-08-06;12.4
2007-08-07;12.8
2007-08-08;12.95
2007-08-09;11.75
2007-08-10;11.45
2007-08-13;12.3
2007-08-14;12.3
2007-08-15;11.6
2007-08-16;11.35
2007-08-17;11.65
2007-08-20;11.85
2007-08-21;12.15
2007-08-22;12.25
2007-08-23;12.3
2007-08-24;12.4
2007-08-27;13.85
2007-08-28;12.85
2007-08-29;13.05
2007-08-30;12.7
2007-08-31;13.25
2007-09-04;13.15
2007-09-05;13.3
2007-09-06;13.4
2007-09-07;13.25
2007-09-10;13.3
2007-09-11;13
2007-09-12;13
2007-09-13;13.5
2007-09-14;13.45
2007-09-17;12.95
2007-09-18;13.9
2007-09-19;13.85
2007-09-20;13.7
2007-09-21;13.7
2007-09-24;14.15
2007-09-25;14.2
2007-09-26;14.35
2007-09-27;14.9
2007-09-28;15.3
2007-10-01;15.6
2007-10-02;17.75
2007-10-03;17
2007-10-04;16.6
2007-10-05;16.950001
2007-10-08;17.299999
2007-10-09;18.200001
2007-10-10;18.85
2007-10-11;18.6
2007-10-12;19.299999
2007-10-15;19.1
2007-10-16;17.58
2007-10-17;18.65
2007-10-18;18.6
2007-10-19;18.049999
2007-10-22;18.049999
2007-10-23;18.700001
2007-10-24;19.379999
2007-10-25;19.780001
2007-10-26;21.450001
2007-10-29;20.700001
2007-10-30;20.799999
2007-10-31;22.5
2007-11-01;22.65
2007-11-02;22.9
2007-11-05;21.450001
2007-11-06;22.450001
2007-11-07;20.299999
2007-11-08;18.950001
2007-11-09;18
2007-11-12;16.9
2007-11-13;18.200001
2007-11-14;20.25
2007-11-15;18.82
2007-11-16;18.6
2007-11-19;16.85
2007-11-20;18.9
2007-11-21;17.799999
2007-11-23;16.450001
2007-11-26;16.5
2007-11-27;16.9
2007-11-28;18
2007-11-29;18.1
2007-11-30;18.1
2007-12-03;17.25
2007-12-04;17.200001
2007-12-05;17.75
2007-12-06;19.15
2007-12-07;18.799999
2007-12-10;17.75
2007-12-11;17.75
2007-12-12;17.5
2007-12-13;17.65
2007-12-14;17.200001
2007-12-17;16.549999
2007-12-18;17.5
2007-12-19;17.6
2007-12-20;17.450001
2007-12-21;18
2007-12-24;18.450001
2007-12-26;18.549999
2007-12-27;17.9
2007-12-28;17.799999
2007-12-31;17.75
2008-01-02;18.41
2008-01-03;18.5
2008-01-04;17.85
2008-01-07;17.700001
2008-01-08;16.6
2008-01-09;15
2008-01-10;14.45
2008-01-11;14.35
2008-01-14;13.6
2008-01-15;13.15
2008-01-16;12.33
2008-01-17;11.8
2008-01-18;11.8
2008-01-22;11.05
2008-01-23;11.7
2008-01-24;11.1
2008-01-25;12.05
2008-01-28;11.9
2008-01-29;12.1
2008-01-30;12.35
2008-01-31;14.45
2008-02-01;14.5
2008-02-04;14.45
2008-02-05;13.5
2008-02-06;12.95
2008-02-07;13
2008-02-08;13.05
2008-02-11;13.25
2008-02-12;13.95
2008-02-13;14.2
2008-02-14;14.1
2008-02-15;13.95
2008-02-19;13.65
2008-02-20;13.6
2008-02-21;13.38
2008-02-22;13.6
2008-02-25;13.75
2008-02-26;13.9
2008-02-27;13.9
2008-02-28;14.25
2008-02-29;13.75
2008-03-03;14
2008-03-04;13.55
2008-03-05;13.5
2008-03-06;12.75
2008-03-07;12
2008-03-10;11.65
2008-03-11;12.7
2008-03-12;13
2008-03-13;12.8
2008-03-14;12.6
2008-03-17;11.75
2008-03-18;11.75
2008-03-19;11.8
2008-03-20;11.8
2008-03-24;11.8
2008-03-25;12.6
2008-03-26;12.4
2008-03-27;12.5
2008-03-28;12.75
2008-03-31;12.75
2008-04-01;13.45
2008-04-02;13.15
2008-04-03;13.6
2008-04-04;13.7
2008-04-07;13.7
2008-04-08;13.8
2008-04-09;13.12
2008-04-10;13.65
2008-04-11;13.95
2008-04-14;13.9
2008-04-15;14.25
2008-04-16;14.45
2008-04-17;15.1
2008-04-18;15.75
2008-04-21;15.35
2008-04-22;14.75
2008-04-23;15.2
2008-04-24;15.7
2008-04-25;15
2008-04-28;15.05
2008-04-29;15.25
2008-04-30;15.5
2008-05-01;15.65
2008-05-02;16.16
2008-05-05;15.8
2008-05-06;15.75
2008-05-07;14.5
2008-05-08;15.25
2008-05-09;15.76
2008-05-12;16
2008-05-13;16
2008-05-14;16
2008-05-15;16.549999
2008-05-16;16.450001
2008-05-19;17.190001
2008-05-20;16.389999
2008-05-21;16.6
2008-05-22;16.790001
2008-05-23;15.09
2008-05-27;15.7
2008-05-28;16
2008-05-29;15.08
2008-05-30;14.85
2008-06-02;15.1
2008-06-03;15
2008-06-04;15.15
2008-06-05;15.1
2008-06-06;14.7
2008-06-09;14.7
2008-06-10;14.37
2008-06-11;13.75
2008-06-12;13.55
2008-06-13;13.74
2008-06-16;13.82
2008-06-17;13.9
2008-06-18;13.95
2008-06-19;13.75
2008-06-20;13.85
2008-06-23;13.85
2008-06-24;14
2008-06-25;14.15
2008-06-26;14.25
2008-06-27;14.05
2008-06-30;13.59
2008-07-01;13.4
2008-07-02;13.55
2008-07-03;13.9
2008-07-07;14.05
2008-07-08;13.7
2008-07-09;13.8
2008-07-10;14.3
2008-07-11;14.1
2008-07-14;13.85
2008-07-15;13.46
2008-07-16;13.72
2008-07-17;14
2008-07-18;14.15
2008-07-21;14
2008-07-22;13.79
2008-07-23;13.8
2008-07-24;13.9
2008-07-25;13.85
2008-07-28;13.45
2008-07-29;13.95
2008-07-30;13.7
2008-07-31;14.01
2008-08-01;14.25
2008-08-04;13.7
2008-08-05;14.09
2008-08-06;14.23
2008-08-07;13.18
2008-08-08;14
2008-08-11;14.3
2008-08-12;13.7
2008-08-13;13.79
2008-08-14;14.4
2008-08-15;14.49
2008-08-18;14.05
2008-08-19;13.7
2008-08-20;14.4
2008-08-21;13.92
2008-08-22;14.25
2008-08-25;14.05
2008-08-26;14.15
2008-08-27;14.35
2008-08-28;14.25
2008-08-29;13.65
2008-09-02;12.24
2008-09-03;12.75
2008-09-04;11.94
2008-09-05;12
2008-09-08;12.3
2008-09-09;11.85
2008-09-10;11.7
2008-09-11;11.33
2008-09-12;11.3
2008-09-15;10.5
2008-09-16;10.95
2008-09-17;9.5
2008-09-18;10.14
2008-09-19;12.43
2008-09-22;11.3
2008-09-23;11.2
2008-09-24;10.4
2008-09-25;10.34
2008-09-26;9.22
2008-09-29;8.3
2008-09-30;8.6
2008-10-01;8.65
2008-10-02;8.91
2008-10-03;8.58
2008-10-06;7.9
2008-10-07;7.75
2008-10-08;7.7
2008-10-09;7.68
2008-10-10;6.82
2008-10-13;8.75
2008-10-14;8.01
2008-10-15;7.15
2008-10-16;7.44
2008-10-17;6.66
2008-10-20;6.75
2008-10-21;6.3
2008-10-22;6.3
2008-10-23;6.41
2008-10-24;6.41
2008-10-27;6.55
2008-10-28;6.7
2008-10-29;6.06
2008-10-30;6.35
2008-10-31;5.65
2008-11-03;5.95
2008-11-04;6.35
2008-11-05;6.6
2008-11-06;6.51
2008-11-07;5.8
2008-11-10;4.95
2008-11-11;4.58
2008-11-12;4.41
2008-11-13;5.05
2008-11-14;4.46
2008-11-17;4.54
2008-11-18;4.51
2008-11-19;4.31
2008-11-20;4.06
2008-11-21;4.6
2008-11-24;4.8
2008-11-25;4.66
2008-11-26;4.75
2008-11-28;4.74
2008-12-01;4.56
2008-12-02;4.9
2008-12-03;4.75
2008-12-04;4.47
2008-12-05;4.55
2008-12-08;4.73
2008-12-09;4.45
2008-12-10;5.6
2008-12-11;5.47
2008-12-12;5.45
2008-12-15;5.35
2008-12-16;5.43
2008-12-17;5.76
2008-12-18;5.7
2008-12-19;6.11
2008-12-22;5.62
2008-12-23;5.37
2008-12-24;5.52
2008-12-26;5.74
2008-12-29;5.55
2008-12-30;5.34
2008-12-31;5.5
2009-01-02;5.78
2009-01-05;5.99
2009-01-06;6.75
2009-01-07;6.4
2009-01-08;5.04
2009-01-09;4.49
2009-01-12;4.3
2009-01-13;4.32
2009-01-14;3.8
2009-01-15;3.88
2009-01-16;4
2009-01-20;3.69
2009-01-21;3.92
2009-01-22;3.73
2009-01-23;3.59
2009-01-26;3.64
2009-01-27;3.57
2009-01-28;3.7
2009-01-29;3.65
2009-01-30;3.73
2009-02-02;3.62
2009-02-03;3.95
2009-02-04;3.94
2009-02-05;3.85
2009-02-06;4.24
2009-02-09;4.19
2009-02-10;4.1
2009-02-11;4.11
2009-02-12;4.1
2009-02-13;4.14
2009-02-17;3.75
2009-02-18;3.76
2009-02-19;3.9
2009-02-20;3.8
2009-02-23;3.68
2009-02-24;3.75
2009-02-25;3.65
2009-02-26;3.7
2009-02-27;3.62
2009-03-02;3.44
2009-03-03;3.53
2009-03-04;3.8
2009-03-05;3.71
2009-03-06;3.78
2009-03-09;3.68
2009-03-10;3.89
2009-03-11;3.95
2009-03-12;3.97
2009-03-13;3.9
2009-03-16;4.32
2009-03-17;4.46
2009-03-18;4.73
2009-03-19;4.6
2009-03-20;4.55
2009-03-23;4.82
2009-03-24;4.88
2009-03-25;4.81
2009-03-26;4.98
2009-03-27;4.99
2009-03-30;4.58
2009-03-31;4.62
2009-04-01;4.86
2009-04-02;5.36
2009-04-03;5.35
2009-04-06;5.74
2009-04-07;5.43
2009-04-08;4.95
2009-04-09;5.07
2009-04-13;5.16
2009-04-14;5.27
2009-04-15;6
2009-04-16;5.84
2009-04-17;6.02
2009-04-20;5.75
2009-04-21;5.61
2009-04-22;5.48
2009-04-23;5.87
2009-04-24;6.09
2009-04-27;5.4
2009-04-28;5.54
2009-04-29;5.69
2009-04-30;5.68
2009-05-01;5.73
2009-05-04;6.2
2009-05-05;6.4
2009-05-06;6.6
2009-05-07;6.38
2009-05-08;7.55
2009-05-11;7.39
2009-05-12;7.47
2009-05-13;7.2
2009-05-14;6.94
2009-05-15;7.35
2009-05-18;7.65
2009-05-19;7.42
2009-05-20;7.9
2009-05-21;7.5
2009-05-22;7.21
2009-05-26;7.92
2009-05-27;7.84
2009-05-28;7.82
2009-05-29;7.95
2009-06-01;8.55
2009-06-02;8.16
2009-06-03;7.9
2009-06-04;7.89
2009-06-05;7.88
2009-06-08;7.32
2009-06-09;7.14
2009-06-10;7.68
2009-06-11;8.25
2009-06-12;7.87
2009-06-15;7.65
2009-06-16;7.44
2009-06-17;7.44
2009-06-18;7.3
2009-06-19;7.28
2009-06-22;7.4
2009-06-23;7.41
2009-06-24;7.45
2009-06-25;7.59
2009-06-26;7.54
2009-06-29;7.83
2009-06-30;7.52
2009-07-01;7.52
2009-07-02;7.27
2009-07-06;7.1
2009-07-07;7
2009-07-08;6.75
2009-07-09;6.77
2009-07-10;6.66
2009-07-13;6.73
2009-07-14;7.05
2009-07-15;7.7
2009-07-16;7.67
2009-07-17;8.04
2009-07-20;8.13
2009-07-21;8.54
2009-07-22;9.26
2009-07-23;9.2
2009-07-24;9.2
2009-07-27;9.2
2009-07-28;9.19
2009-07-29;8.85
2009-07-30;9.26
2009-07-31;9.4
2009-08-03;9.6
2009-08-04;10.08
2009-08-05;9.38
2009-08-06;9.75
2009-08-07;10.05
2009-08-10;10.05
2009-08-11;9.9
2009-08-12;9.97
2009-08-13;9.48
2009-08-14;9.33
2009-08-17;8.97
2009-08-18;9.19
2009-08-19;9.14
2009-08-20;9.21
2009-08-21;9.2
2009-08-24;9.23
2009-08-25;9.25
2009-08-26;9.11
2009-08-27;8.91
2009-08-28;8.7
2009-08-31;8.37
2009-09-01;8.65
2009-09-02;8.8
2009-09-03;9.29
2009-09-04;9.5
2009-09-08;9.4
2009-09-09;8.94
2009-09-10;9.01
2009-09-11;8.94
2009-09-14;9.06
2009-09-15;9.11
2009-09-16;9.19
2009-09-17;8.92
2009-09-18;8.97
2009-09-21;8.62
2009-09-22;8.72
2009-09-23;8.81
2009-09-24;8.86
2009-09-25;8.75
2009-09-28;8.77
2009-09-29;8.9
2009-09-30;8.83
2009-10-01;8.75
2009-10-02;8.7
2009-10-05;8.8
2009-10-06;9.48
2009-10-07;9.94
2009-10-08;10.39
2009-10-09;10.19
2009-10-12;10.34
2009-10-13;10.92
2009-10-14;11.6
2009-10-15;11.59
2009-10-16;11.5
2009-10-19;12
2009-10-20;12.09
2009-10-21;11.91
2009-10-22;11.8
2009-10-23;11.9
2009-10-26;11.8
2009-10-27;11.53
2009-10-28;10.92
2009-10-29;11.52
2009-10-30;11.02
2009-11-02;11.05
2009-11-03;11.14
2009-11-04;11.25
2009-11-05;11.45
2009-11-06;11.38
2009-11-09;11.27
2009-11-10;10.75
2009-11-11;11.05
2009-11-12;11.4
2009-11-13;11.58
2009-11-16;12.13
2009-11-17;12.1
2009-11-18;11.65
2009-11-19;11.5
2009-11-20;11
2009-11-23;11.21
2009-11-24;11.11
2009-11-25;11.15
2009-11-27;11.07
2009-11-30;11.48
2009-12-01;11.55
2009-12-02;11.25
2009-12-03;11.2
2009-12-04;11.1
2009-12-07;11
2009-12-08;11.46
2009-12-09;11.61
2009-12-10;11.98
2009-12-11;11.84
2009-12-14;12.16
2009-12-15;11.86
2009-12-16;11.55
2009-12-17;11.3
2009-12-18;11.18
2009-12-21;11.3
2009-12-22;11.75
2009-12-23;12.2
2009-12-24;12.15
2009-12-28;12.34
2009-12-29;12.28
2009-12-30;12.19
2009-12-31;12.35
2010-01-04;13
2010-01-05;13.42
2010-01-06;13.88
2010-01-07;13.91
2010-01-08;13.94
2010-01-11;13.68
2010-01-12;14.15
2010-01-13;14.15
2010-01-14;15.08
2010-01-15;15.2
2010-01-19;14.75
2010-01-20;14.35
2010-01-21;13.59
2010-01-22;14.05
2010-01-25;14.15
2010-01-26;13.45
2010-01-27;13.16
2010-01-28;13.07
2010-01-29;13.7
2010-02-01;13.84
2010-02-02;13.96
2010-02-03;14.45
2010-02-04;14.15
2010-02-05;13.02
2010-02-08;13.39
2010-02-09;13.37
2010-02-10;13.05
2010-02-11;13.1
2010-02-12;13.13
2010-02-16;13.35
2010-02-17;13.35
2010-02-18;13.79
2010-02-19;13.78
2010-02-22;13.76
2010-02-23;13.81
2010-02-24;13.66
2010-02-25;13.3
2010-02-26;13
2010-03-01;13.55
2010-03-02;13.38
2010-03-03;13.12
2010-03-04;13.02
2010-03-05;13.34
2010-03-08;13.77
2010-03-09;13.68
2010-03-10;13.76
2010-03-11;14.05
2010-03-12;13.88
2010-03-15;13.58
2010-03-16;13.61
2010-03-17;13.82
2010-03-18;13.85
2010-03-19;13.87
2010-03-22;13.66
2010-03-23;13.3
2010-03-24;13.18
2010-03-25;13.6
2010-03-26;13.6
2010-03-29;13.63
2010-03-30;13.55
2010-03-31;13.8
2010-04-01;14.03
2010-04-05;14.15
2010-04-06;14.17
2010-04-07;14.39
2010-04-08;14.61
2010-04-09;14.58
2010-04-12;14.6
2010-04-13;14.27
2010-04-14;14.95
2010-04-15;15.05
2010-04-16;14.56
2010-04-19;14.5
2010-04-20;14.64
2010-04-21;14.53
2010-04-22;15.15
2010-04-23;15.75
2010-04-26;15.81
2010-04-27;15.3
2010-04-28;15.07
2010-04-29;14.82
2010-04-30;14.86
2010-05-03;15.18
2010-05-04;14.61
2010-05-05;14.2
2010-05-06;12.95
2010-05-07;13.07
2010-05-10;13.53
2010-05-11;13.8
2010-05-12;13.76
2010-05-13;14
2010-05-14;14.31
2010-05-17;13.73
2010-05-18;13.2
2010-05-19;13.05
2010-05-20;11.95
2010-05-21;12.06
2010-05-24;12.67
2010-05-25;12.05
2010-05-26;11.8
2010-05-27;12.12
2010-05-28;12.15
2010-06-01;11.95
2010-06-02;11.62
2010-06-03;11.53
2010-06-04;11.7
2010-06-07;11.55
2010-06-08;11.11
2010-06-09;10.54
2010-06-10;10.38
2010-06-11;10.26
2010-06-14;10.75
2010-06-15;11.35
2010-06-16;11.33
2010-06-17;11.15
2010-06-18;10.89
2010-06-21;11.4
2010-06-22;11.66
2010-06-23;11.57
2010-06-24;11.62
2010-06-25;11.7
2010-06-28;11.19
2010-06-29;10.52
2010-06-30;10.75
2010-07-01;10.66
2010-07-02;10.67
2010-07-06;11.4
2010-07-07;11.42
2010-07-08;11.34
2010-07-09;11.59
2010-07-12;11.5
2010-07-13;11.49
2010-07-14;11.61
2010-07-15;11.75
2010-07-16;11.79
2010-07-19;12.04
2010-07-20;12.36
2010-07-21;12.5
2010-07-22;12.45
2010-07-23;12.54
2010-07-26;12.25
2010-07-27;12.42
2010-07-28;12.55
2010-07-29;12.72
2010-07-30;12.74
2010-08-02;13.12
2010-08-03;13.36
2010-08-04;13.33
2010-08-05;13.3
2010-08-06;12.75
2010-08-09;12.76
2010-08-10;12.31
2010-08-11;11.78
2010-08-12;11.98
2010-08-13;12.21
2010-08-16;12.34
2010-08-17;12.52
2010-08-18;12.43
2010-08-19;12.03
2010-08-20;11.78
2010-08-23;11.64
2010-08-24;11.55
2010-08-25;11.42
2010-08-26;11.36
2010-08-27;11.49
2010-08-30;11.31
2010-08-31;11.41
2010-09-01;11.58
2010-09-02;11.7
2010-09-03;11.84
2010-09-07;12.08
2010-09-08;12
2010-09-09;12
2010-09-10;11.92
2010-09-13;12.06
2010-09-14;12.27
2010-09-15;12.35
2010-09-16;12.2
2010-09-17;12.33
2010-09-20;12.57
2010-09-21;12.51
2010-09-22;12.37
2010-09-23;12.24
2010-09-24;12.33
2010-09-27;12.51
2010-09-28;12.4
2010-09-29;12.31
2010-09-30;12.29
2010-10-01;12.29
2010-10-04;12.4
2010-10-05;12.56
2010-10-06;12.61
2010-10-07;12.77
2010-10-08;13.14
2010-10-11;13.07
2010-10-12;13.15
2010-10-13;13.55
2010-10-14;13.59
2010-10-15;14.09
2010-10-18;13.65
2010-10-19;13.4
2010-10-20;13.45
2010-10-21;13.39
2010-10-22;13.47
2010-10-25;13.6
2010-10-26;13.57
2010-10-27;13.17
2010-10-28;12.92
2010-10-29;12.9
2010-11-01;13.3
2010-11-02;13.42
2010-11-03;13.33
2010-11-04;13.85
2010-11-05;13.95
2010-11-08;13.76
2010-11-09;13.98
2010-11-10;14.3
2010-11-11;14.45
2010-11-12;14.42
2010-11-15;13.93
2010-11-16;13.75
2010-11-17;13.6
2010-11-18;13.84
2010-11-19;14.05
2010-11-22;14.16
2010-11-23;13.68
2010-11-24;13.74
2010-11-26;13.29
2010-11-29;13.27
2010-11-30;13.11
2010-12-01;13.7
2010-12-02;13.7
2010-12-03;14.17
2010-12-06;14.31
2010-12-07;14.21
2010-12-08;13.78
2010-12-09;14
2010-12-10;14
2010-12-13;13.72
2010-12-14;13.55
2010-12-15;13.31
2010-12-16;12.83
2010-12-17;13
2010-12-20;12.84
2010-12-21;12.78
2010-12-22;12.86
2010-12-23;12.91
2010-12-27;12.91
2010-12-28;12.7
2010-12-29;12.78
2010-12-30;12.8
2010-12-31;12.7
2011-01-03;12.73
2011-01-04;12.88
2011-01-05;12.79
2011-01-06;12.98
2011-01-07;12.9
2011-01-10;12.45
2011-01-11;12.09
2011-01-12;12.36
2011-01-13;12.55
2011-01-14;12.65
2011-01-18;12.55
2011-01-19;12.27
2011-01-20;12.01
2011-01-21;11.98
2011-01-24;11.75
2011-01-25;11.7
2011-01-26;12.04
2011-01-27;11.84
2011-01-28;11.8
2011-01-31;11.5
2011-02-01;11.63
2011-02-02;11.81
2011-02-03;11.97
2011-02-04;11.85
2011-02-07;11.81
2011-02-08;11.81
2011-02-09;11.66
2011-02-10;11.49
2011-02-11;11.65
2011-02-14;11.95
2011-02-15;11.91
2011-02-16;12.13
2011-02-17;12.71
2011-02-18;12.3
2011-02-22;12.19
2011-02-23;12.32
2011-02-24;12.18
2011-02-25;12.15
2011-02-28;12.15
2011-03-01;12.02
2011-03-02;12.04
2011-03-03;12.1
2011-03-04;11.9
2011-03-07;11.82
2011-03-08;12
2011-03-09;11.92
2011-03-10;11.6
2011-03-11;11.39
2011-03-14;10.81
2011-03-15;10.64
2011-03-16;10.44
2011-03-17;10.07
2011-03-18;10.08
2011-03-21;10.68
2011-03-22;11.32
2011-03-23;11.48
2011-03-24;11.3
2011-03-25;11.32
2011-03-28;10.68
2011-03-29;10.89
2011-03-30;11
2011-03-31;11.3
2011-04-01;11.39
2011-04-04;11.5
2011-04-05;11.46
2011-04-06;11.55
2011-04-07;11.59
2011-04-08;11.55
2011-04-11;11.5
2011-04-12;11.42
2011-04-13;11.43
2011-04-14;11.45
2011-04-15;11.47
2011-04-18;11.35
2011-04-19;11.35
2011-04-20;11.4
2011-04-21;11.63
2011-04-25;11.95
2011-04-26;11.93
2011-04-27;11.95
2011-04-28;11.85
2011-04-29;11.79
2011-05-02;11.7
2011-05-03;11.53
2011-05-04;11.25
2011-05-05;11.05
2011-05-06;11.2
2011-05-09;11.31
2011-05-10;11.37
2011-05-11;11.3
2011-05-12;11.27
2011-05-13;11.05
2011-05-16;11.01
2011-05-17;10.92
2011-05-18;10.92
2011-05-19;10.83
2011-05-20;10.78
2011-05-23;10.83
2011-05-24;10.82
2011-05-25;11.1
2011-05-26;11.35
2011-05-27;11.85
2011-05-31;11.67
2011-06-01;11.28
2011-06-02;11.09
2011-06-03;11.07
2011-06-06;10.96
2011-06-07;11.1
2011-06-08;11.25
2011-06-09;11.19
2011-06-10;10.93
2011-06-13;10.88
2011-06-14;11.02
2011-06-15;10.71
2011-06-16;10.82
2011-06-17;10.82
2011-06-20;10.81
2011-06-21;10.79
2011-06-22;10.93
2011-06-23;10.95
2011-06-24;11
2011-06-27;11
2011-06-28;10.92
2011-06-29;11.07
2011-06-30;11.38
2011-07-01;11.6
2011-07-05;11.97
2011-07-06;11.92
2011-07-07;12.28
2011-07-08;12.2
2011-07-11;11.84
2011-07-12;11.8
2011-07-13;12.18
2011-07-14;12.09
2011-07-15;12.29
2011-07-18;12.17
2011-07-19;12.1
2011-07-20;12.92
2011-07-21;13
2011-07-22;13.06
2011-07-25;13.15
2011-07-26;13.12
2011-07-27;12.97
2011-07-28;12.72
2011-07-29;12.6
2011-08-01;12.97
2011-08-02;12.87
2011-08-03;12.74
2011-08-04;12.77
2011-08-05;12.45
2011-08-08;11.18
2011-08-09;11.8
2011-08-10;11.75
2011-08-11;12.04
2011-08-12;12.06
2011-08-15;12.5
2011-08-16;12.42
2011-08-17;12.55
2011-08-18;11.57
2011-08-19;11.74
2011-08-22;12.13
2011-08-23;12.65
2011-08-24;12.97
2011-08-25;12.92
2011-08-26;12.92
2011-08-29;12.86
2011-08-30;12.87
2011-08-31;13.25
2011-09-01;13.35
2011-09-02;13.39
2011-09-06;12.36
2011-09-07;12.76
2011-09-08;12.82
2011-09-09;12.5
2011-09-12;12.89
2011-09-13;13
2011-09-14;13.09
2011-09-15;13.4
2011-09-16;13.3
2011-09-19;12.98
2011-09-20;13.03
2011-09-21;12.92
2011-09-22;12.54
2011-09-23;12.1
2011-09-26;11.6
2011-09-27;12.79
2011-09-28;13.02
2011-09-29;13.26
2011-09-30;13.24
2011-10-03;12.47
2011-10-04;12.06
2011-10-05;12.45
2011-10-06;12.47
2011-10-07;12.69
2011-10-10;13.15
2011-10-11;13.33
2011-10-12;13.65
2011-10-13;13.7
2011-10-14;13.5
2011-10-17;13.08
2011-10-18;13.08
2011-10-19;13.16
2011-10-20;12.87
2011-10-21;13.14
2011-10-24;13.35
2011-10-25;13.5
2011-10-26;14.37
2011-10-27;14.27
2011-10-28;13.95
2011-10-31;13.4
2011-11-01;13.35
2011-11-02;14.41
2011-11-03;15.14
2011-11-04;14.78
2011-11-07;14.59
2011-11-08;14.46
2011-11-09;14.36
2011-11-10;14.42
2011-11-11;14.27
2011-11-14;14.05
2011-11-15;14.09
2011-11-16;13.75
2011-11-17;13.5
2011-11-18;13.25
2011-11-21;13.43
2011-11-22;13.39
2011-11-23;13.14
2011-11-25;12.9
2011-11-28;13.49
2011-11-29;13.82
2011-11-30;14.34
2011-12-01;14.24
2011-12-02;14.03
2011-12-05;14.34
2011-12-06;14.14
2011-12-07;13.99
2011-12-08;13.96
2011-12-09;13.98
2011-12-12;13.85
2011-12-13;13.85
2011-12-14;13.94
2011-12-15;14.01
2011-12-16;14.09
2011-12-19;13.98
2011-12-20;14.09
2011-12-21;13.58
2011-12-22;13.71
2011-12-23;13.89
2011-12-27;13.9
2011-12-28;13.5
2011-12-29;13.34
2011-12-30;13.15
2012-01-03;13.45
2012-01-04;13.47
2012-01-05;13.86
2012-01-06;14.36
2012-01-09;15.25
2012-01-10;15.14
2012-01-11;14.9
2012-01-12;14.9
2012-01-13;15.28
2012-01-17;15.15
2012-01-18;15.22
2012-01-19;16.23
2012-01-20;15.14
2012-01-23;15.25
2012-01-24;15.2
2012-01-25;15.35
2012-01-26;15.61
2012-01-27;15.22
2012-01-30;15.21
2012-01-31;15.91
2012-02-01;16.01
2012-02-02;15.96
2012-02-03;16.1
2012-02-06;16.09
2012-02-07;16
2012-02-08;16.120001
2012-02-09;16.940001
2012-02-10;17.24
2012-02-13;17.65
2012-02-14;17.07
2012-02-15;17.48
2012-02-16;17.950001
2012-02-17;18.110001
2012-02-21;18.450001
2012-02-22;18.280001
2012-02-23;17.83
2012-02-24;17.74
2012-02-27;17.57
2012-02-28;17.540001
2012-02-29;17.57
2012-03-01;17.57
2012-03-02;17.4
2012-03-05;17.200001
2012-03-06;17.09
2012-03-07;17.1
2012-03-08;17.610001
2012-03-09;17.389999
2012-03-12;17.190001
2012-03-13;17.51
2012-03-14;17.549999
2012-03-15;17.65
2012-03-16;17.58
2012-03-19;17.280001
2012-03-20;17.110001
2012-03-21;17.049999
2012-03-22;17.219999
2012-03-23;17.15
2012-03-26;17.91
2012-03-27;17.99
2012-03-28;18.58
2012-03-29;18.530001
2012-03-30;17.98
2012-04-02;18.33
2012-04-03;18.450001
2012-04-04;18.280001
2012-04-05;19.33
2012-04-09;19.15
2012-04-10;18.65
2012-04-11;18.969999
2012-04-12;19.15
2012-04-13;18.870001
2012-04-16;19.32
2012-04-17;19.700001
2012-04-18;19.35
2012-04-19;19.08
2012-04-20;19.08
2012-04-23;18.690001
2012-04-24;18.950001
2012-04-25;18.91
2012-04-26;19.35
2012-04-27;18.75
2012-04-30;19
2012-05-01;19.27
2012-05-02;19.15
2012-05-03;18.959999
2012-05-04;19.469999
2012-05-07;19.26
2012-05-08;18.26
2012-05-09;17.9
2012-05-10;18.290001
2012-05-11;18.43
2012-05-14;17.530001
2012-05-15;17.379999
2012-05-16;16.870001
2012-05-17;16.700001
2012-05-18;16.73
2012-05-21;16.85
2012-05-22;17.559999
2012-05-23;17.379999
2012-05-24;17.1
2012-05-25;16.73
2012-05-29;17.08
2012-05-30;16.76
2012-05-31;16.91
2012-06-01;17.200001
2012-06-04;16.889999
2012-06-05;16.799999
2012-06-06;17.34
2012-06-07;18.049999
2012-06-08;17.530001
2012-06-11;17.66
2012-06-12;18.469999
2012-06-13;18.52
2012-06-14;18.6
2012-06-15;18.700001
2012-06-18;18.540001
2012-06-19;19.139999
2012-06-20;19.219999
2012-06-21;17.299999
2012-06-22;17.24
2012-06-25;16.209999
2012-06-26;16.65
2012-06-27;16.799999
2012-06-28;16.6
2012-06-29;17.299999
2012-07-02;16.68
2012-07-03;16.299999
2012-07-05;15.35
2012-07-06;14.5
2012-07-09;14.5
2012-07-10;14.89
2012-07-11;15.18
2012-07-12;15.49
2012-07-13;15.2
2012-07-16;15.21
2012-07-17;15.2
2012-07-18;14.7
2012-07-19;15.15
2012-07-20;15.2
2012-07-23;14.75
2012-07-24;14.39
2012-07-25;13.83
2012-07-26;13.9
2012-07-27;14.51
2012-07-30;14
2012-07-31;13.85
2012-08-01;14.88
2012-08-02;14.64
2012-08-03;15.33
2012-08-06;15.4
2012-08-07;15.95
2012-08-08;15.65
2012-08-09;15.89
2012-08-10;15.9
2012-08-13;15.68
2012-08-14;15.86
2012-08-15;15.92
2012-08-16;17.040001
2012-08-17;17.790001
2012-08-20;17.309999
2012-08-21;17
2012-08-22;16.530001
2012-08-23;16.450001
2012-08-24;16.48
2012-08-27;16.66
2012-08-28;16.299999
2012-08-29;16.33
2012-08-30;16.25
2012-08-31;16.360001
2012-09-04;16.73
2012-09-05;15.88
2012-09-06;16.629999
2012-09-07;16.549999
2012-09-10;16.280001
2012-09-11;16.1
2012-09-12;15.8
2012-09-13;16.15
2012-09-14;16.379999
2012-09-17;16.24
2012-09-18;16.299999
2012-09-19;16.440001
2012-09-20;16.059999
2012-09-21;16.030001
2012-09-24;16.59
2012-09-25;16.4
2012-09-26;16.219999
2012-09-27;16.66
2012-09-28;16.42
2012-10-01;16.58
2012-10-02;16.440001
2012-10-03;16.450001
2012-10-04;16.700001
2012-10-05;16.860001
2012-10-08;16.440001
2012-10-09;16.049999
2012-10-10;15.87
2012-10-11;16.08
2012-10-12;15.97
2012-10-15;15.95
2012-10-16;16.440001
2012-10-17;16.450001
2012-10-18;16.459999
2012-10-19;16.139999
2012-10-22;16.1
2012-10-23;16
2012-10-24;16.219999
2012-10-25;16.200001
2012-10-26;16.049999
2012-10-31;16
2012-11-01;16.65
2012-11-02;16.59
2012-11-05;16.559999
2012-11-06;17.299999
2012-11-07;17.209999
2012-11-08;16.940001
2012-11-09;18
2012-11-12;17.75
2012-11-13;17.690001
2012-11-14;17.68
2012-11-15;17.93
2012-11-16;18
2012-11-19;17.9
2012-11-20;18.200001
2012-11-21;17.790001
2012-11-23;18.43
2012-11-26;18.450001
2012-11-27;18.25
2012-11-28;18.4
2012-11-29;18.73
2012-11-30;18.92
2012-12-03;18.440001
2012-12-04;18.700001
2012-12-05;18.65
2012-12-06;18.57
2012-12-07;18.76
2012-12-10;19.309999
2012-12-11;19.280001
2012-12-12;19.4
2012-12-13;18.91
2012-12-14;19.09
2012-12-17;18.91
2012-12-18;18.879999
2012-12-19;18.85
2012-12-20;18.790001
2012-12-21;18.4
2012-12-24;18.700001
2012-12-26;18.780001
2012-12-27;18.860001
2012-12-28;18.5
2012-12-31;18.299999
2013-01-02;18.799999
2013-01-03;18.799999
2013-01-04;19.389999
2013-01-07;19.24
2013-01-08;19.219999
2013-01-09;19.48
2013-01-10;19.84
2013-01-11;20.040001
2013-01-14;20.059999
2013-01-15;19.700001
2013-01-16;20.17
2013-01-17;20
2013-01-18;19.889999
2013-01-22;20.049999
2013-01-23;20.549999
2013-01-24;21.65
2013-01-25;21.32
2013-01-28;20.99
2013-01-29;22.110001
2013-01-30;22.4
2013-01-31;21
2013-02-01;21.43
2013-02-04;21.110001
2013-02-05;20.98
2013-02-06;22.440001
2013-02-07;22.959999
2013-02-08;22.709999
2013-02-11;22.690001
2013-02-12;22.75
2013-02-13;22.77
2013-02-14;22.26
2013-02-15;22.75
2013-02-19;22.549999
2013-02-20;22.1
2013-02-21;22.1
2013-02-22;21.950001
2013-02-25;21.65
2013-02-26;21.35
2013-02-27;22
2013-02-28;22.379999
2013-03-01;23.200001
2013-03-04;22.27
2013-03-05;22.110001
2013-03-06;22.07
2013-03-07;22.26
2013-03-08;22.440001
2013-03-11;21.799999
2013-03-12;21.58
2013-03-13;20.879999
2013-03-14;20.75
2013-03-15;19.950001
2013-03-18;19.4
2013-03-19;19.75
2013-03-20;20.15
2013-03-21;20.34
2013-03-22;21.049999
2013-03-25;20.709999
2013-03-26;20.49
2013-03-27;20.440001
2013-03-28;20.1
2013-04-01;19.92
2013-04-02;19.48
2013-04-03;19.549999
2013-04-04;19.549999
2013-04-05;18.85
2013-04-08;19.120001
2013-04-09;19.18
2013-04-10;19.6
2013-04-11;18.18
2013-04-12;17.280001
2013-04-15;16.799999
2013-04-16;17.59
2013-04-17;17.049999
2013-04-18;16.629999
2013-04-19;17.99
2013-04-22;18.01
2013-04-23;18.4
2013-04-24;18.469999
2013-04-25;18.43
2013-04-26;18.129999
2013-04-29;18.6
2013-04-30;18.370001
2013-05-01;18.200001
2013-05-02;17.82
2013-05-03;17.84
2013-05-06;17.870001
2013-05-07;17.620001
2013-05-08;17.879999
2013-05-09;17.780001
2013-05-10;17.709999
2013-05-13;17.23
2013-05-14;17.290001
2013-05-15;17.459999
2013-05-16;17.9
2013-05-17;18
2013-05-20;18.610001
2013-05-21;18.889999
2013-05-22;18.52
2013-05-23;19.280001
2013-05-24;19.879999
2013-05-28;20.200001
2013-05-29;19.66
2013-05-30;19.93
2013-05-31;20.379999
2013-06-03;20.280001
2013-06-04;20.93
2013-06-05;20.5
2013-06-06;20.139999
2013-06-07;20.110001
2013-06-10;20.559999
2013-06-11;19.9
2013-06-12;19.799999
2013-06-13;19.549999
2013-06-14;19.27
2013-06-17;19.27
2013-06-18;19.139999
2013-06-19;18.700001
2013-06-20;17.99
2013-06-21;18.35
2013-06-24;17.57
2013-06-25;17.82
2013-06-26;18.299999
2013-06-27;18.379999
2013-06-28;18.09
2013-07-01;18.16
2013-07-02;18.030001
2013-07-03;17.860001
2013-07-05;17.43
2013-07-08;17.93
2013-07-09;17.99
2013-07-10;17.790001
2013-07-11;18.559999
2013-07-12;18.5
2013-07-15;18.700001
2013-07-16;18.389999
2013-07-17;18.559999
2013-07-18;18.360001
2013-07-19;18.18
2013-07-22;18.02
2013-07-23;18.33
2013-07-24;18.190001
2013-07-25;18.4
2013-07-26;18.450001
2013-07-29;18.5
2013-07-30;18.34
2013-07-31;18.34
2013-08-01;18.59
2013-08-02;18.6
2013-08-05;18.620001
2013-08-06;19.07
2013-08-07;18.940001
2013-08-08;19.33
2013-08-09;19.629999
2013-08-12;19.809999
2013-08-13;19.620001
2013-08-14;19.620001
2013-08-15;19.82
2013-08-16;20.4
2013-08-19;19.76
2013-08-20;19.07
2013-08-21;18.9
2013-08-22;19.379999
2013-08-23;19.24
2013-08-26;19.030001
2013-08-27;19.23
2013-08-28;19.190001
2013-08-29;19.42
2013-08-30;19.370001
2013-09-03;19.700001
2013-09-04;19.629999
2013-09-05;19.790001
2013-09-06;19.700001
2013-09-09;20.57
2013-09-10;21.200001
2013-09-11;20.85
2013-09-12;20.459999
2013-09-13;20.700001
2013-09-16;20.889999
2013-09-17;21.09
2013-09-18;21.440001
2013-09-19;21.1
2013-09-20;21.049999
2013-09-23;20.67
2013-09-24;21.299999
2013-09-25;21.23
2013-09-26;21.389999
2013-09-27;21.35
2013-09-30;21.07
2013-10-01;21.15
2013-10-02;21.07
2013-10-03;20.950001
2013-10-04;21.27
2013-10-07;21.129999
2013-10-08;21.059999
2013-10-09;21.09
2013-10-10;21.530001
2013-10-11;21.73
2013-10-14;21.76
2013-10-15;21.469999
2013-10-16;21.57
2013-10-17;21.209999
2013-10-18;20.98
2013-10-21;21.17
2013-10-22;21.57
2013-10-23;21.25
2013-10-24;21.01
2013-10-25;20.940001
2013-10-28;20.709999
2013-10-29;20.99
2013-10-30;21.110001
2013-10-31;21.42
2013-11-01;21.83
2013-11-04;21.75
2013-11-05;21.790001
2013-11-06;21.75
2013-11-07;22.049999
2013-11-08;22.4
2013-11-11;22.73
2013-11-12;22.860001
2013-11-13;22.799999
2013-11-14;22.93
2013-11-15;23.620001
2013-11-18;24.58
2013-11-19;23.940001
2013-11-20;23.33
2013-11-21;23.49
2013-11-22;23.379999
2013-11-25;23.639999
2013-11-26;23.85
2013-11-27;23.959999
2013-11-29;23.719999
2013-12-02;23.809999
2013-12-03;23.32
2013-12-04;23.540001
2013-12-05;23.6
2013-12-06;24.25
2013-12-09;24.43
2013-12-10;24.48
2013-12-11;24.1
2013-12-12;23.969999
2013-12-13;23.85
2013-12-16;24.18
2013-12-17;24.35
2013-12-18;24.629999
2013-12-19;24.23
2013-12-20;23.68
2013-12-23;23.98
2013-12-24;24.32
2013-12-26;24.190001
2013-12-27;24.23
2013-12-30;24.25
2013-12-31;24.43
2014-01-02;24.309999
2014-01-03;24.08
2014-01-06;23.6
2014-01-07;23.219999
2014-01-08;23.15
2014-01-09;23.25
2014-01-10;23.950001
2014-01-13;24.48
2014-01-14;24.51
2014-01-15;25.67
2014-01-16;26.799999
2014-01-17;25.82
2014-01-21;26.84
2014-01-22;26.5
2014-01-23;27.5
2014-01-24;26.35
2014-01-27;25.379999
2014-01-28;26.9
2014-01-29;27.860001
2014-01-30;26.9
2014-01-31;26.74
2014-02-03;25.389999
2014-02-04;22.57
2014-02-05;22.139999
2014-02-06;22.620001
2014-02-07;22.09
2014-02-10;22.4
2014-02-11;22.280001
2014-02-12;22.5
2014-02-13;22.610001
2014-02-14;22.709999
2014-02-18;22.15
2014-02-19;21.85
2014-02-20;20.940001
2014-02-21;20.33
2014-02-24;20.280001
2014-02-25;19.98
2014-02-26;20.34
2014-02-27;21.34
2014-02-28;21.540001
2014-03-03;21.690001
2014-03-04;21.58
2014-03-05;21.059999
2014-03-06;21.450001
2014-03-07;21.25
2014-03-10;21.15
2014-03-11;22.02
2014-03-12;21.68
2014-03-13;21.299999
2014-03-14;21.129999
2014-03-17;21.4
2014-03-18;21.809999
2014-03-19;21.780001
2014-03-20;21.74
2014-03-21;21.799999
2014-03-24;21.58
2014-03-25;21.41
2014-03-26;21.530001
2014-03-27;21.65
2014-03-28;22.049999
2014-03-31;22.09
2014-04-01;22.9
2014-04-02;22.93
2014-04-03;23.290001
2014-04-04;22.799999
2014-04-07;23.16
2014-04-08;23.040001
2014-04-09;23.43
2014-04-10;24.18
2014-04-11;24.25
2014-04-14;24.299999
2014-04-15;23.4
2014-04-16;24.139999
2014-04-17;23.91
2014-04-21;23.860001
2014-04-22;23.190001
2014-04-23;22.76
2014-04-24;22.540001
2014-04-25;22.389999
2014-04-28;22.219999
2014-04-29;22.799999
2014-04-30;22.6
2014-05-01;22.66
2014-05-02;23
2014-05-05;22.559999
2014-05-06;22.49
2014-05-07;21.959999
2014-05-08;21.530001
2014-05-09;21.629999
2014-05-12;21.950001
2014-05-13;22.23
2014-05-14;22.290001
2014-05-15;22.76
2014-05-16;23.33
2014-05-19;23.139999
2014-05-20;23.57
2014-05-21;24.450001
2014-05-22;24.41
2014-05-23;24.52
2014-05-27;25.18
2014-05-28;25.32
2014-05-29;24.82
2014-05-30;24.82
2014-06-02;24.790001
2014-06-03;25.440001
2014-06-04;25.26
2014-06-05;24.9
2014-06-06;24.57
2014-06-09;24.85
2014-06-10;24.83
2014-06-11;24.799999
2014-06-12;24.870001
2014-06-13;25.41
2014-06-16;25.66
2014-06-17;25.889999
2014-06-18;25.75
2014-06-19;26.18
2014-06-20;26.360001
2014-06-23;26.18
2014-06-24;26.35
2014-06-25;26.879999
2014-06-26;26.67
2014-06-27;26.75
2014-06-30;27.190001
2014-07-01;27.030001
2014-07-02;26.75
2014-07-03;26.870001
2014-07-07;27
2014-07-08;27.690001
2014-07-09;27.23
2014-07-10;27.309999
2014-07-11;27.93
2014-07-14;28.23
2014-07-15;28.34
2014-07-16;28.42
2014-07-17;28.01
2014-07-18;28.469999
2014-07-21;28.059999
2014-07-22;27.690001
2014-07-23;27.049999
2014-07-24;27.879999
2014-07-25;27.73
2014-07-28;27.83
2014-07-29;27.700001
2014-07-30;27.059999
2014-07-31;27.07
2014-08-01;27.379999
2014-08-04;27.389999
2014-08-05;27.6
2014-08-06;27.73
2014-08-07;28.049999
2014-08-08;28.52
2014-08-11;28.690001
2014-08-12;29.59
2014-08-13;29.4
2014-08-14;29.129999
2014-08-15;29.889999
2014-08-18;30.42
2014-08-19;31.26
2014-08-20;30.35
2014-08-21;30.65
2014-08-22;30.48
2014-08-25;30.27
2014-08-26;30.25
2014-08-27;30.4
2014-08-28;29.91
2014-08-29;30.52
2014-09-02;31.469999
2014-09-03;31.82
2014-09-04;31.65
2014-09-05;31.84
2014-09-08;32.509998
2014-09-09;32.439999
2014-09-10;32.16
2014-09-11;30.75
2014-09-12;31.5
2014-09-15;30.780001
2014-09-16;30.379999
2014-09-17;31
2014-09-18;31.17
2014-09-19;31.1
2014-09-22;30.610001
2014-09-23;30.77
2014-09-24;30.68
2014-09-25;30.309999
2014-09-26;30.76
2014-09-29;29.83
2014-09-30;29.75
2014-10-01;29.35
2014-10-02;29
2014-10-03;29.92
2014-10-06;30.280001
2014-10-07;30.77
2014-10-08;30.940001
2014-10-09;30.190001
2014-10-10;28.6
2014-10-13;27.75
2014-10-14;27.59
2014-10-15;28.1
2014-10-16;27.809999
2014-10-17;28.01
2014-10-20;28.530001
2014-10-21;29.02
2014-10-22;28.950001
2014-10-23;29.02
2014-10-24;29.09
2014-10-27;28.93
2014-10-28;29.639999
2014-10-29;29.5
2014-10-30;29.559999
2014-10-31;29.49
2014-11-03;29.280001
2014-11-04;29.5
2014-11-05;29.58
2014-11-06;27.9
2014-11-07;26.629999
2014-11-10;27.200001
2014-11-11;28.07
2014-11-12;27.75
2014-11-13;27.6
2014-11-14;28.15
2014-11-17;27.49
2014-11-18;26.85
2014-11-19;26.92
2014-11-20;26.65
2014-11-21;27.549999
2014-11-24;27.52
2014-11-25;27.48
2014-11-26;27.889999
2014-11-28;27.969999
2014-12-01;27.129999
2014-12-02;27.450001
2014-12-03;26.889999
2014-12-04;27.030001
2014-12-05;27.040001
2014-12-08;27.32
2014-12-09;27.25
2014-12-10;27.51
2014-12-11;27.33
2014-12-12;26.889999
2014-12-15;26.780001
2014-12-16;26.67
2014-12-17;25.82
2014-12-18;25.559999
2014-12-19;26.379999
2014-12-22;26.16
2014-12-23;25.950001
2014-12-24;26.040001
2014-12-26;26.639999
2014-12-29;26.299999
2014-12-30;26.17
2014-12-31;26.219999
2015-01-02;26.1
2015-01-05;25.530001
2015-01-06;25.690001
2015-01-07;26.950001
2015-01-08;28.08
2015-01-09;27.51
2015-01-12;27.57
2015-01-13;27.33
2015-01-14;27.639999
2015-01-15;27.07
2015-01-16;26.67
2015-01-20;26.610001
2015-01-21;26.790001
2015-01-22;26.610001
2015-01-23;26.93
2015-01-26;27.33
2015-01-27;27.030001
2015-01-28;26.389999
2015-01-29;25.860001
2015-01-30;25.639999
2015-02-02;26.059999
2015-02-03;28.450001
2015-02-04;29.5
2015-02-05;29.940001
2015-02-06;29.4
2015-02-09;30.35
2015-02-10;30.57
2015-02-11;30.860001
2015-02-12;31.75
2015-02-13;31.25
2015-02-17;30.52
2015-02-18;30.43
2015-02-19;30.379999
2015-02-20;29.620001
2015-02-23;30.73
2015-02-24;30.65
2015-02-25;30.450001
2015-02-26;30.49
2015-02-27;30.58
2015-03-02;31.08
2015-03-03;30.799999
2015-03-04;30.690001
2015-03-05;31.01
2015-03-06;31.34
2015-03-09;31.139999
2015-03-10;29.950001
2015-03-11;29.059999
2015-03-12;29.73
2015-03-13;27.93
2015-03-16;28.450001
2015-03-17;27.870001
2015-03-18;28.559999
2015-03-19;28.559999
2015-03-20;28.34
2015-03-23;29.09
2015-03-24;29.34
2015-03-25;29.58
2015-03-26;29.08
2015-03-27;28.57
2015-03-30;28.969999
2015-03-31;29.15
2015-04-01;29.049999
2015-04-02;29.15
2015-04-06;29.360001
2015-04-07;29.290001
2015-04-08;30.58
2015-04-09;33.57
2015-04-10;33.380001
2015-04-13;34.349998
2015-04-14;33.68
2015-04-15;34.349998
2015-04-16;34.509998
2015-04-17;33.310001
2015-04-20;32.52
2015-04-21;33.400002
2015-04-22;33.900002
2015-04-23;33.73
2015-04-24;33.549999
2015-04-27;33.57
2015-04-28;34.59
2015-04-29;34.919998
2015-04-30;34.209999
2015-05-01;34.59
2015-05-04;34.759998
2015-05-05;34.610001
2015-05-06;33.740002
2015-05-07;32.950001
2015-05-08;34.470001
2015-05-11;35.450001
2015-05-12;34.779999
2015-05-13;34.709999
2015-05-14;35.599998
2015-05-15;34.849998
2015-05-18;34.740002
2015-05-19;34.400002
2015-05-20;34.48
2015-05-21;34.799999
2015-05-22;33.43
2015-05-26;32.720001
2015-05-27;32.279999
2015-05-28;31.52
2015-05-29;31.620001
2015-06-01;31.540001
2015-06-02;31.34
2015-06-03;31.540001
2015-06-04;31.5
2015-06-05;30.92
2015-06-08;30.540001
2015-06-09;29.65
2015-06-10;29.209999
2015-06-11;29.139999
2015-06-12;29.49
2015-06-15;28.75
2015-06-16;28.139999
2015-06-17;28.68
2015-06-18;28.99
2015-06-19;29.25
2015-06-22;29.08
2015-06-23;29.68
2015-06-24;29.290001
2015-06-25;28.290001
2015-06-26;28.25
2015-06-29;26.51
2015-06-30;27.74
2015-07-01;27.15
2015-07-02;26.719999
2015-07-06;24.540001
2015-07-07;23.6
2015-07-08;22.790001
2015-07-09;24.6
2015-07-10;25
2015-07-13;25.35
2015-07-14;24.639999
2015-07-15;24.24
2015-07-16;23.99
2015-07-17;24.73
2015-07-20;24.200001
2015-07-21;23.719999
2015-07-22;23.23
2015-07-23;23.43
2015-07-24;23.280001
2015-07-27;22.07
2015-07-28;22.43
2015-07-29;22.59
2015-07-30;22.299999
2015-07-31;21.6
2015-08-03;21.129999
2015-08-04;21.66
2015-08-05;21.950001
2015-08-06;21.16
2015-08-07;21.23
2015-08-10;21.74
2015-08-11;22.110001
2015-08-12;21.799999
2015-08-13;19.75
2015-08-14;18.719999
2015-08-17;18.549999
2015-08-18;17.49
2015-08-19;18.01
2015-08-20;17.379999
2015-08-21;16.91
2015-08-24;16.049999
2015-08-25;16.35
2015-08-26;16.200001
2015-08-27;16.559999
2015-08-28;17.209999
2015-08-31;16.190001
2015-09-01;15.65
2015-09-02;15.59
2015-09-03;15.86
2015-09-04;16.07
2015-09-08;17.5
2015-09-09;17.280001
2015-09-10;16.719999
2015-09-11;16.950001
2015-09-14;16.85
2015-09-15;17.360001
2015-09-16;18.129999
2015-09-17;19.049999
2015-09-18;18.280001
2015-09-21;18.190001
2015-09-22;17.58
2015-09-23;17.18
2015-09-24;16.870001
2015-09-25;16.799999
2015-09-28;16.559999
2015-09-29;15.96
2015-09-30;16.82
2015-10-01;16.91
2015-10-02;17.450001
2015-10-05;17.77
2015-10-06;17.049999
2015-10-07;17.75
2015-10-08;17.82
2015-10-09;18.110001
2015-10-12;19.360001
2015-10-13;19.639999
2015-10-14;19.25
2015-10-15;19.75
2015-10-16;19.219999
2015-10-19;18.450001
2015-10-20;18.719999
2015-10-21;18.58
2015-10-22;18.18
2015-10-23;18.5
2015-10-26;18.51
2015-10-27;18.209999
2015-10-28;17.9
2015-10-29;18.129999
2015-10-30;18.540001
2015-11-02;18.91
2015-11-03;19.290001
2015-11-04;19.58
2015-11-05;19.74
2015-11-06;19.440001
2015-11-09;19.280001
2015-11-10;18.559999
2015-11-11;18.700001
2015-11-12;19.58
2015-11-13;20.799999
2015-11-16;21.719999
2015-11-17;21.84
2015-11-18;21.700001
2015-11-19;21.76
2015-11-20;21.950001
2015-11-23;21.52
2015-11-24;22.440001
2015-11-25;22.200001
2015-11-27;20.92
2015-11-30;21.5
2015-12-01;21.719999
2015-12-02;21.42
2015-12-03;21.25
2015-12-04;21.6
2015-12-07;21.85
2015-12-08;21.459999
2015-12-09;21.200001
2015-12-10;20.52
2015-12-11;20.34
2015-12-14;20.360001
2015-12-15;20.530001
2015-12-16;20.99
2015-12-17;20.43
2015-12-18;20.389999
2015-12-21;20.620001
2015-12-22;20.629999
2015-12-23;21.120001
2015-12-24;20.91
2015-12-28;20.6
2015-12-29;20.49
2015-12-30;20.24
2015-12-31;20.08
2016-01-04;18.93
2016-01-05;18.860001
2016-01-06;18.030001
2016-01-07;17.68
2016-01-08;17.93
2016-01-11;17.629999
2016-01-12;17.549999
2016-01-13;16.870001
2016-01-14;17.280001
2016-01-15;16.09
2016-01-19;17.1
2016-01-20;16.58
2016-01-21;16.530001
2016-01-22;17.02
2016-01-25;17.49
2016-01-26;17.629999
2016-01-27;17.49
2016-01-28;17.34
2016-01-29;17.639999
2016-02-01;18.07
2016-02-02;18.48
2016-02-03;17.18
2016-02-04;17.299999
2016-02-05;17
2016-02-08;16.68
2016-02-09;16.5
2016-02-10;16.639999
2016-02-11;15.91
2016-02-12;16.5
2016-02-16;16.690001
2016-02-17;17
2016-02-18;16.9
2016-02-19;17.1
2016-02-22;17.57
2016-02-23;17.02
2016-02-24;16.75
2016-02-25;16.74
2016-02-26;16.879999
2016-02-29;16.77
2016-03-01;17.120001
2016-03-02;16.42
2016-03-03;16.57
2016-03-04;17.049999
2016-03-07;16.83
2016-03-08;16.450001
2016-03-09;16.43
2016-03-10;16.1
2016-03-11;16.719999
2016-03-14;16.85
2016-03-15;16.860001
2016-03-16;16.93
2016-03-17;16.790001
2016-03-18;16.32
2016-03-21;16.16
2016-03-22;16.379999
2016-03-23;16.030001
2016-03-24;15.68
2016-03-28;15.75
2016-03-29;15.64
2016-03-30;15.84
2016-03-31;15.54
2016-04-01;15.25
2016-04-04;15.18
2016-04-05;14.57
2016-04-06;14.63
2016-04-07;14.53
2016-04-08;15.1
2016-04-11;15.05
2016-04-12;15.64
2016-04-13;15.98
2016-04-14;16.5
2016-04-15;16.440001
2016-04-18;16.58
2016-04-19;16.809999
2016-04-20;16.459999
2016-04-21;16.280001
2016-04-22;16.110001
2016-04-25;16.299999
2016-04-26;16.620001
2016-04-27;16.49
2016-04-28;16.440001
2016-04-29;15.72
2016-05-02;15.73
2016-05-03;14.98
2016-05-04;14.85
2016-05-05;14.86
2016-05-06;14.54
2016-05-09;14.31
2016-05-10;13.45
2016-05-11;13.31
2016-05-12;13.15
2016-05-13;12.69
2016-05-16;13.31
2016-05-17;13.13
2016-05-18;12.8
2016-05-19;12.79
2016-05-20;12.7
2016-05-23;12.48
2016-05-24;12.65
2016-05-25;12.94
2016-05-26;12.3
2016-05-27;12.32
2016-05-31;12.34
2016-06-01;11.98
2016-06-02;11.69
2016-06-03;12.02
2016-06-06;12.02
2016-06-07;12.12
2016-06-08;12.36
2016-06-09;12.34
2016-06-10;12.39
2016-06-13;12.57
2016-06-14;12.17
2016-06-15;12.16
2016-06-16;12.12
2016-06-17;12.23
2016-06-20;12.26
2016-06-21;12.11
2016-06-22;12.28
2016-06-23;12.48
2016-06-24;11.95
2016-06-27;11.71
2016-06-28;11.81
2016-06-29;12.05
2016-06-30;12.08
2016-07-01;12.24
2016-07-05;11.97
2016-07-06;11.94
2016-07-07;11.38
2016-07-08;11.65
2016-07-11;11.66
2016-07-12;11.88
2016-07-13;11.81
2016-07-14;12.21
2016-07-15;12.21
2016-07-18;13.05
2016-07-19;12.96
2016-07-20;13.45
2016-07-21;13.46
2016-07-22;13.58
2016-07-25;13.17
2016-07-26;13.11
2016-07-27;13.3
2016-07-28;13.12
2016-07-29;12.98
2016-08-01;12.86
2016-08-02;12.86
2016-08-03;13.04
2016-08-04;13.12
2016-08-05;13.27
2016-08-08;13.86
2016-08-09;13.91
2016-08-10;13.77
2016-08-11;13.78
2016-08-12;13.84
2016-08-15;14.11
2016-08-16;13.95
2016-08-17;13.75
2016-08-18;14.24
2016-08-19;13.51
2016-08-22;13.37
2016-08-23;13.4
2016-08-24;13.24
2016-08-25;13.14
2016-08-26;13.2
2016-08-29;13.36
2016-08-30;13.44
2016-08-31;13.34
2016-09-01;13.64
2016-09-02;13.73
2016-09-06;14.06
2016-09-07;13.95
2016-09-08;13.97
2016-09-09;13.61
2016-09-12;13.58
2016-09-13;13.27
2016-09-14;13.27
2016-09-15;13.34
2016-09-16;13.29
2016-09-19;13.31
2016-09-20;13.3
2016-09-21;13.45
2016-09-22;13.49
2016-09-23;13.36
2016-09-26;13.1
2016-09-27;13.24
2016-09-28;13.31
2016-09-29;13.16
2016-09-30;13.3
2016-10-03;13.22
2016-10-04;13.14
2016-10-05;13.5
2016-10-06;13.49
2016-10-07;13.23
2016-10-10;13.37
2016-10-11;13.1
2016-10-12;13.21
2016-10-13;13.08
2016-10-14;13.2
2016-10-17;13.02
2016-10-18;13.14
2016-10-19;13.15
2016-10-20;13.11
2016-10-21;13.19
2016-10-24;13.06
2016-10-25;13.08
2016-10-26;13.03
2016-10-27;12.89
2016-10-28;12.77
2016-10-31;12.77
2016-11-01;12.66
2016-11-02;12.53
2016-11-03;12.44
2016-11-04;12.35
2016-11-07;12.51
2016-11-08;12.54
2016-11-09;12.39
2016-11-10;12.27
2016-11-11;12.2
2016-11-14;12.15
2016-11-15;12.3
2016-11-16;12.1
2016-11-17;12.21
2016-11-18;12.18
2016-11-21;12.19
2016-11-22;12.5
2016-11-23;12.38
2016-11-25;12.43
2016-11-28;12.45
2016-11-29;12.41
2016-11-30;12.39
2016-12-01;12.3
2016-12-02;12.3
2016-12-05;12.26
2016-12-06;12.25
2016-12-07;12.33
2016-12-08;12.22
2016-12-09;12.23
2016-12-12;12.12
2016-12-13;12.27
2016-12-14;12.01
2016-12-15;12.02
2016-12-16;11.98
2016-12-19;12.01
2016-12-20;11.98
2016-12-21;11.93
2016-12-22;11.87
2016-12-23;11.85
2016-12-27;11.88
2016-12-28;11.86
2016-12-29;11.87
2016-12-30;12
2017-01-03;12.29
2017-01-04;12.65
2017-01-05;12.87
2017-01-06;12.71
2017-01-09;12.89
2017-01-10;12.97
2017-01-11;12.93
2017-01-12;13.18
2017-01-13;13.18
2017-01-17;13.25
2017-01-18;13.28
2017-01-19;13.13
2017-01-20;13.04
2017-01-23;12.92
2017-01-24;12.78
2017-01-25;12.95
2017-01-26;13.15
2017-01-27;13.08
2017-01-30;13.02
2017-01-31;13.03
2017-02-01;12.99
2017-02-02;12.89
2017-02-03;12.85
2017-02-06;12.92
2017-02-07;12.91
2017-02-08;13.24
2017-02-09;13.3
2017-02-10;13.42
2017-02-13;13.44
2017-02-14;13.37
2017-02-15;13.45
2017-02-16;12.27
2017-02-17;12.1
2017-02-21;12.14
2017-02-22;11.97
2017-02-23;11.96
2017-02-24;12.07
2017-02-27;11.99
2017-02-28;11.94
2017-03-01;12.03
2017-03-02;11.82
2017-03-03;11.97
2017-03-06;11.94
2017-03-07;12.02
2017-03-08;11.97
2017-03-09;11.93
2017-03-10;11.98
2017-03-13;12.04
2017-03-14;12.11
2017-03-15;12.29
2017-03-16;12.31
2017-03-17;12.45
2017-03-20;12.56
2017-03-21;12.41
2017-03-22;12.54
2017-03-23;12.62
2017-03-24;12.6
2017-03-27;12.57
2017-03-28;13.05
2017-03-29;13.11
2017-03-30;13
2017-03-31;13.13
2017-04-03;13.34
2017-04-04;13.36
2017-04-05;13.62
2017-04-06;13.44
2017-04-07;13.85
2017-04-10;13.41
2017-04-11;13.04
2017-04-12;13.04
2017-04-13;12.97
2017-04-17;13
2017-04-18;12.73
2017-04-19;12.69
2017-04-20;12.73
2017-04-21;12.92
2017-04-24;13
2017-04-25;13.11
2017-04-26;13.03
2017-04-27;12.84
2017-04-28;12.82
2017-05-01;12.82
2017-05-02;12.81
2017-05-03;12.77
2017-05-04;12.61
2017-05-05;12.62
2017-05-08;12.59
2017-05-09;12.69
2017-05-10;12.76
2017-05-11;12.64
2017-05-12;12.62
2017-05-15;12.68
2017-05-16;12.72
2017-05-17;12.64
2017-05-18;12.78
2017-05-19;12.76
2017-05-22;12.7
2017-05-23;12.52
2017-05-24;12.49
2017-05-25;12.91
2017-05-26;12.52
2017-05-30;12.65
2017-05-31;13.03
2017-06-01;13.05
2017-06-02;13.04
2017-06-05;12.97
2017-06-06;12.9
2017-06-07;12.93
2017-06-08;13.18
2017-06-09;13.1
2017-06-12;13.02
2017-06-13;13.1
2017-06-14;13.04
2017-06-15;12.89
2017-06-16;12.9
2017-06-19;12.9
2017-06-20;12.8
2017-06-21;12.79
2017-06-22;12.85
2017-06-23;12.83
2017-06-26;12.83
2017-06-27;12.77
2017-06-28;12.8
2017-06-29;12.67
2017-06-30;12.71
2017-07-03;12.76
2017-07-05;12.77
2017-07-06;12.11
2017-07-07;12.2
2017-07-10;12.3
2017-07-11;12.28
2017-07-12;12.44
2017-07-13;12.46
2017-07-14;12.51
2017-07-17;12.42
2017-07-18;12.38
2017-07-19;12.42
2017-07-20;12.45
2017-07-21;12.63
2017-07-24;12.62
2017-07-25;12.56
2017-07-26;12.52
2017-07-27;12.44
2017-07-28;12.37
2017-07-31;12.31
2017-08-01;12.32
2017-08-02;12.32
2017-08-03;12.34
2017-08-04;12.3
2017-08-07;12.27
2017-08-08;12.26
2017-08-09;12.26
2017-08-10;12.05
2017-08-11;12.02
2017-08-14;12.04
2017-08-15;11.91
2017-08-16;11.93
2017-08-17;11.88
2017-08-18;11.52
2017-08-21;11.2
2017-08-22;11.13
2017-08-23;11.04
2017-08-24;10.99
2017-08-25;11.08
2017-08-28;10.9
2017-08-29;10.91
2017-08-30;10.92
2017-08-31;10.87
2017-09-01;10.84
2017-09-05;10.65
2017-09-06;10.68
2017-09-07;10.54
2017-09-08;10.63
2017-09-11;10.82
2017-09-12;10.89
2017-09-13;10.81
2017-09-14;10.8
2017-09-15;10.79
2017-09-18;10.7
2017-09-19;10.65
2017-09-20;10.63
2017-09-21;10.65
2017-09-22;10.65
2017-09-25;10.57
2017-09-26;10.62
2017-09-27;11
2017-09-28;10.97
2017-09-29;10.99
2017-10-02;11.06
2017-10-03;11.16
2017-10-04;11
2017-10-05;11
2017-10-06;11.05
2017-10-09;11.11
2017-10-10;11.17
2017-10-11;11.05
2017-10-12;11.11
2017-10-13;11.44
2017-10-16;11.55
2017-10-17;11.5
2017-10-18;11.5
2017-10-19;11.45
2017-10-20;11.64
2017-10-23;11.63
2017-10-24;11.58
2017-10-25;11.56
2017-10-26;11.75
2017-10-27;11.78
2017-10-30;11.6
2017-10-31;11.54
2017-11-01;11.56
2017-11-02;12.1
2017-11-03;11.56
2017-11-06;11.6
2017-11-07;11.56
2017-11-08;11.7
2017-11-09;11.6
2017-11-10;11.63
2017-11-13;11.54
2017-11-14;11.54
2017-11-15;11.39
2017-11-16;11.31
2017-11-17;11.25
2017-11-20;11.22
2017-11-21;11.25
2017-11-22;11.28
2017-11-24;11.39
2017-11-27;11.3
2017-11-28;11.2
2017-11-29;11.26
2017-11-30;11.31
2017-12-01;11.24
2017-12-04;11.15
2017-12-05;11.14
2017-12-06;11.08
2017-12-07;10.97
2017-12-08;10.93
2017-12-11;10.96
2017-12-12;10.88
2017-12-13;10.99
2017-12-14;10.9
2017-12-15;10.96
2017-12-18;10.92
2017-12-19;11.04
2017-12-20;11.06
2017-12-21;11.28
2017-12-22;11.66
2017-12-26;11.6
2017-12-27;11.54
2017-12-28;11.43
2017-12-29;11.24
2018-01-02;11.26
2018-01-03;11.65
2018-01-04;11.68
2018-01-05;11.63
2018-01-08;11.85
2018-01-09;11.85
2018-01-10;11.66
2018-01-11;11.53
2018-01-12;11.63
2018-01-16;11.5
2018-01-17;11.5
2018-01-18;11.62
2018-01-19;11.66
2018-01-22;11.62
2018-01-23;11.65
2018-01-24;11.9
2018-01-25;12.04
2018-01-26;11.9
2018-01-29;11.75
2018-01-30;11.68
2018-01-31;11.49
2018-02-01;11.18
2018-02-02;10.94
2018-02-05;10.81
2018-02-06;10.72
2018-02-07;10.5
2018-02-08;10.34
2018-02-09;10.14
2018-02-12;10.04
2018-02-13;9.82
2018-02-14;9.98
2018-02-15;10.03
2018-02-16;10.13
2018-02-20;10.16
2018-02-21;10.15
2018-02-22;10.11
2018-02-23;10.26
2018-02-26;10.44
2018-02-27;10.44
2018-02-28;10.39
2018-03-01;10.32
2018-03-02;10.37
2018-03-05;10.34
2018-03-06;10.4
2018-03-07;10.3
2018-03-08;10.42
2018-03-09;10.47
2018-03-12;10.59
2018-03-13;10.62
2018-03-14;10.55
2018-03-15;10.55
2018-03-16;10.52
2018-03-19;10.41
2018-03-20;10.49
2018-03-21;10.62
2018-03-22;10.54
2018-03-23;10.4
2018-03-26;10.44
2018-03-27;10.6
2018-03-28;10.31
2018-03-29;10.25
2018-04-02;10.15
2018-04-03;10.46
2018-04-04;10.44
2018-04-05;10.4
2018-04-06;10.12
2018-04-09;10.34
2018-04-10;10.26
2018-04-11;10.27
2018-04-12;10.36
2018-04-13;10.27
2018-04-16;10.11
2018-04-17;10.05
2018-04-18;9.95
2018-04-19;9.93
2018-04-20;9.57
2018-04-23;9.54
2018-04-24;9.56
2018-04-25;9.43
2018-04-26;9.12
2018-04-27;9.3
2018-04-30;9.42
2018-05-01;9.4
2018-05-02;9.45
2018-05-03;9.36
2018-05-04;9.15
2018-05-07;9.15
2018-05-08;9.32
2018-05-09;9.42
2018-05-10;9.69
2018-05-11;9.69
2018-05-14;9.83
2018-05-15;9.76
2018-05-16;9.88
2018-05-17;9.66
2018-05-18;9.5
2018-05-21;9.74
2018-05-22;9.73
2018-05-23;9.75
2018-05-24;9.83
2018-05-25;10.57
2018-05-29;10.44
2018-05-30;10.44
2018-05-31;10.5
2018-06-01;10.54
2018-06-04;10.65
2018-06-05;10.73
2018-06-06;10.76
2018-06-07;10.65
2018-06-08;10.61
2018-06-11;10.53
2018-06-12;10.75
2018-06-13;10.76
2018-06-14;10.96
2018-06-15;11.05
2018-06-18;10.97
2018-06-19;10.68
2018-06-20;10.82
2018-06-21;10.83
2018-06-22;10.8
2018-06-25;10.77
2018-06-26;10.6
2018-06-27;10.38
2018-06-28;10.42
2018-06-29;10.82
2018-07-02;10.82
2018-07-03;10.73
2018-07-05;10.5
2018-07-06;10.46
2018-07-09;10.12
2018-07-10;10.17
2018-07-11;10.07
2018-07-12;10.11
2018-07-13;10.24
2018-07-16;10.16
2018-07-17;10.31
2018-07-18;10.34
2018-07-19;10.33
2018-07-20;10.55
2018-07-23;10.76
2018-07-24;10.85
2018-07-25;11.05
2018-07-26;11.05
2018-07-27;11
2018-07-30;11.08
2018-07-31;11.13
2018-08-01;11.3
2018-08-02;11.02
2018-08-03;10.98
2018-08-06;10.82
2018-08-07;11.06
2018-08-08;11.12
2018-08-09;11.21
2018-08-10;11.15
2018-08-13;11.3
2018-08-14;11.41
2018-08-15;11.23
2018-08-16;11.9
2018-08-17;12.48
2018-08-20;12.86
2018-08-21;12.84
2018-08-22;12.85
2018-08-23;12.9
2018-08-24;12.84
2018-08-27;13.1
2018-08-28;13.07
2018-08-29;13.2
2018-08-30;13.03
2018-08-31;13.08
2018-09-04;13.34
2018-09-05;13.44
2018-09-06;13.26
2018-09-07;13.43
2018-09-10;13.24
2018-09-11;13.28
2018-09-12;13.98
2018-09-13;13.85
2018-09-14;13.5
2018-09-17;13.66
2018-09-18;13.84
2018-09-19;13.65
2018-09-20;13.44
2018-09-21;13.67
2018-09-24;13.42
2018-09-25;13.49
2018-09-26;13.62
2018-09-27;14.26
2018-09-28;14.55
2018-10-01;14.58
2018-10-02;14.66
2018-10-03;15.14
2018-10-04;14.8
2018-10-05;12.87
2018-10-08;12.65
2018-10-09;12.37
2018-10-10;12.05
2018-10-11;11.9
2018-10-12;12.04
2018-10-15;12.48
2018-10-16;12.84
2018-10-17;12.9
2018-10-18;13.2
2018-10-19;13.03
2018-10-22;12.93
2018-10-23;12.34
2018-10-24;12.55
2018-10-25;12.6
2018-10-26;12.55
2018-10-29;12.35
2018-10-30;12.61
2018-10-31;12.69
2018-11-01;12.97
2018-11-02;13.52
2018-11-05;13.7
2018-11-06;13.94
2018-11-07;14.26
2018-11-08;14.35
2018-11-09;14.51
2018-11-12;14.7
2018-11-13;14.91
2018-11-14;14.9
2018-11-15;15
2018-11-16;15.1
2018-11-19;14.75
2018-11-20;14.6
2018-11-21;14.21
2018-11-23;13.9
2018-11-26;13.8
2018-11-27;13.99
2018-11-28;14.37
2018-11-29;14.15
2018-11-30;14.49
2018-12-03;14.77
2018-12-04;14.65
2018-12-06;13.9
2018-12-07;13.98
2018-12-10;13.34
2018-12-11;13.96
2018-12-12;14.43
2018-12-13;14.09
2018-12-14;14.06
2018-12-17;14.12
2018-12-18;14.02
2018-12-19;14.11
2018-12-20;14.15
2018-12-21;13.38
2018-12-24;13.39
2018-12-26;13.54
2018-12-27;13.16
2018-12-28;13.49
2018-12-31;13.4
2019-01-02;13.22
2019-01-03;13.05
2019-01-04;13.41
2019-01-07;12.97
2019-01-08;13.25
2019-01-09;13.76
2019-01-10;13.83
2019-01-11;14.14
2019-01-14;14.61
2019-01-15;14.52
2019-01-16;14.18
2019-01-17;14.03
2019-01-18;14.46
2019-01-22;14.42
2019-01-23;14.31
2019-01-24;14.55
2019-01-25;14.64
2019-01-28;14.45
2019-01-29;14.37
2019-01-30;14.65
2019-01-31;14.7
2019-02-01;14.85
2019-02-04;14.92
2019-02-05;15.02
2019-02-06;14.9
2019-02-07;14.75
2019-02-08;14.89
2019-02-11;15.11
2019-02-12;15.14
2019-02-13;14.75
2019-02-14;14.87
2019-02-15;14.71
2019-02-19;14.66
2019-02-20;15.12
2019-02-21;16.93
2019-02-22;17.66
2019-02-25;17.58
2019-02-26;17.959999
2019-02-27;18.360001
2019-02-28;18.059999
2019-03-01;18.530001
2019-03-04;18.49
2019-03-05;18.5
2019-03-06;18.34
2019-03-07;17.85
2019-03-08;17.35
2019-03-11;17.76
2019-03-12;17.52
2019-03-13;17.469999
2019-03-14;17.09
2019-03-15;17.4
2019-03-18;17.99
2019-03-19;17.84
2019-03-20;17.879999
2019-03-21;17.68
2019-03-22;17.809999
2019-03-25;17.84
2019-03-26;17.950001
2019-03-27;18.219999
2019-03-28;17.969999
2019-03-29;17.99
2019-04-01;17.82
2019-04-02;17.709999
2019-04-03;17.49
2019-04-04;17.73
2019-04-05;17.790001
2019-04-08;17.780001
2019-04-09;17.790001
2019-04-10;19.02
2019-04-11;18.059999
2019-04-12;18.27
2019-04-15;17.92
2019-04-16;18.1
2019-04-17;18.18
2019-04-18;18.58
2019-04-22;18.530001
2019-04-23;18.51
2019-04-24;18.68
2019-04-25;18.4
2019-04-26;18.68
2019-04-29;18.299999
2019-04-30;18.49
2019-05-01;18.540001
2019-05-02;18.280001
2019-05-03;18.43
2019-05-06;17.68
2019-05-07;17.32
2019-05-08;16.84
2019-05-09;16.34
2019-05-10;16.73
2019-05-13;16.309999
2019-05-14;16
2019-05-15;16.51
2019-05-16;16.379999
2019-05-17;15.99
2019-05-20;15.15
2019-05-21;15.68
2019-05-22;15.47
2019-05-23;14.99
2019-05-24;14.99
2019-05-28;14.4
2019-05-29;14.41
2019-05-30;14.35
2019-05-31;14
2019-06-03;14
2019-06-04;13.75
2019-06-05;14.16
2019-06-06;14.47
2019-06-07;14.5
2019-06-10;14.8
2019-06-11;15.22
2019-06-12;15.16
2019-06-13;15.04
2019-06-14;14.6
2019-06-17;14.65
2019-06-18;15.04
2019-06-19;15.46
2019-06-20;15.58
2019-06-21;15.01
2019-06-24;15.1
2019-06-25;14.93
2019-06-26;15.23
2019-06-27;15.45
2019-06-28;15.48
2019-07-01;15.83
2019-07-02;15.97
2019-07-03;15.64
2019-07-05;15.96
2019-07-08;15.48
2019-07-09;15.32
2019-07-10;15.31
2019-07-11;15.21
2019-07-12;15.93
2019-07-15;16.360001
2019-07-16;16.42
2019-07-17;16.639999
2019-07-18;16.85
2019-07-19;16.540001
2019-07-22;16.4
2019-07-23;16.48
2019-07-24;16.42
2019-07-25;16.5
2019-07-26;16.35
2019-07-29;16.190001
2019-07-30;16.16
2019-07-31;16.209999
2019-08-01;15.26
2019-08-02;15
2019-08-05;14.51
2019-08-06;15.02
2019-08-07;15.17
2019-08-08;15.41
2019-08-09;15.29
2019-08-12;15.07
2019-08-13;15.06
2019-08-14;14.95
2019-08-15;14.31
2019-08-16;14.12
2019-08-19;14.4
2019-08-20;14.28
2019-08-21;13.74
2019-08-22;13.63
2019-08-23;13.25
2019-08-26;13.26
2019-08-27;13.3
2019-08-28;13.31
2019-08-29;13.11
2019-08-30;13.1
2019-09-03;13.13
2019-09-04;13.4
2019-09-05;13.73
2019-09-06;13.95
2019-09-09;14.1
2019-09-10;13.92
2019-09-11;13.6
2019-09-12;14.13
2019-09-13;14.3
2019-09-16;14.13
2019-09-17;13.93
2019-09-18;13.88
2019-09-19;13.9
2019-09-20;13.68
2019-09-23;13.71
2019-09-24;13.39
2019-09-25;13.35
2019-09-26;13.16
2019-09-27;13.2
2019-09-30;13.24
2019-10-01;13.15
2019-10-02;13.56
2019-10-03;14.3
2019-10-04;13.88
2019-10-07;13.83
2019-10-08;13.22
2019-10-09;13.26
2019-10-10;13.44
2019-10-11;13.86
2019-10-14;13.81
2019-10-15;13.8
2019-10-16;13.81
2019-10-17;13.82
2019-10-18;13.7
2019-10-21;13.84
2019-10-22;13.9
2019-10-23;13.89
2019-10-24;13.81
2019-10-25;13.96
2019-10-28;14.25
2019-10-29;14.33
2019-10-30;14.35
2019-10-31;13.8
2019-11-01;14.5
2019-11-04;14.99
2019-11-05;15.26
2019-11-06;15.41
2019-11-07;15.41
2019-11-08;14.88
2019-11-11;14.29
2019-11-12;14.23
2019-11-13;14.29
2019-11-14;14.37
2019-11-15;14.61
2019-11-18;14.59
2019-11-19;14.56
2019-11-20;14.25
2019-11-21;14.29
2019-11-22;14.23
2019-11-25;14.62
2019-11-26;14.12
2019-11-27;13.65
2019-11-29;13.23
2019-12-02;12.83
2019-12-03;12.73
2019-12-04;12.88
2019-12-05;12.75
2019-12-06;12.81
2019-12-09;12.76
2019-12-10;12.91
2019-12-11;13.02
2019-12-12;13.3
2019-12-13;13.25
2019-12-16;13.55
2019-12-17;13.69
2019-12-18;13.43
2019-12-19;13.4
2019-12-20;13.22
2019-12-23;13.26
2019-12-24;13.33
2019-12-26;13.39
2019-12-27;13.45
2019-12-30;13.42
2019-12-31;13.38
2020-01-02;13.85
2020-01-03;13.94
2020-01-06;13.71
2020-01-07;13.68
2020-01-08;13.64
2020-01-09;13.97
2020-01-10;14.53
2020-01-13;15
2020-01-14;15
2020-01-15;14.79
2020-01-16;15.08
2020-01-17;15.16
2020-01-21;14.67
2020-01-22;14.59
2020-01-23;14.58
2020-01-24;14.31
2020-01-27;13.84
2020-01-28;13.85
2020-01-29;14.38
2020-01-30;13.78
2020-01-31;13.15
2020-02-03;13.34
2020-02-04;13.68
2020-02-05;13.79
2020-02-06;14
2020-02-07;13.72
2020-02-10;13.76
2020-02-11;13.56
2020-02-12;13.85
2020-02-13;13.76
2020-02-14;13.6
2020-02-18;13.78
2020-02-19;13.88
2020-02-20;14.67
2020-02-21;14.22
2020-02-24;13.85
2020-02-25;13.05
2020-02-26;13.12
2020-02-27;12.49
2020-02-28;12.52
2020-03-02;12.47
2020-03-03;12.57
2020-03-04;13.01
2020-03-05;12.9
2020-03-06;12.78
2020-03-09;12.32
2020-03-10;12.38
2020-03-11;11.72
2020-03-12;10.54
2020-03-13;11.14
2020-03-16;10.23
2020-03-17;10.18
2020-03-18;9.77
2020-03-19;9.53
2020-03-20;9.54
2020-03-23;9.57
2020-03-24;9.91
2020-03-25;10.15
2020-03-26;10.7
2020-03-27;10.16
2020-03-30;10.19
2020-03-31;10.71
2020-04-01;10.25
2020-04-02;10.35
2020-04-03;10.34
2020-04-06;10.54
2020-04-07;10.79
2020-04-08;11
2020-04-09;10.87
2020-04-13;10.81
2020-04-14;10.76
2020-04-15;10.7
2020-04-16;10.95
2020-04-17;11.25
2020-04-20;11.25
2020-04-21;11.29
2020-04-22;11.11
2020-04-23;10.96
2020-04-24;10.69
2020-04-27;10.93
2020-04-28;10.91
2020-04-29;11.02
2020-04-30;10.79
2020-05-01;10.41
2020-05-04;10.66
2020-05-05;10.67
2020-05-06;10.91
2020-05-07;10.89
2020-05-08;11.26
2020-05-11;11.2
2020-05-12;11.25
2020-05-13;11
2020-05-14;11.03
2020-05-15;10.83
2020-05-18;11.35
2020-05-19;11.3
2020-05-20;11.24
2020-05-21;10.55
2020-05-22;10.34
2020-05-26;10.72
2020-05-27;10.9
2020-05-28;10.83
2020-05-29;10.95
2020-06-01;10.72
2020-06-02;10.89
2020-06-03;10.88
2020-06-04;10.79
2020-06-05;11.02
2020-06-08;10.83
2020-06-09;11.2
2020-06-10;11.27
2020-06-11;10.9
2020-06-12;10.81
2020-06-15;10.69
2020-06-16;10.76
2020-06-17;10.9
2020-06-18;10.96
2020-06-19;10.91
2020-06-22;11.08
2020-06-23;11.18
2020-06-24;11.12
2020-06-25;11.04
2020-06-26;11.19
2020-06-29;10.9
2020-06-30;11.03
2020-07-01;11.04
2020-07-02;11.7
2020-07-06;11.85
2020-07-07;11.77
2020-07-08;12.16
2020-07-09;12.26
2020-07-10;12.1
2020-07-13;12.72
2020-07-14;12.2
2020-07-15;11.87
2020-07-16;11.52
2020-07-17;11.81
2020-07-20;11.88
2020-07-21;11.92
2020-07-22;12.07
2020-07-23;11.95
2020-07-24;11.84
2020-07-27;11.71
2020-07-28;11.63
2020-07-29;11.98
2020-07-30;11.85
2020-07-31;11.95
2020-08-03;12.11
2020-08-04;12.52
2020-08-05;12.55
2020-08-06;12.33
2020-08-07;12.09
2020-08-10;12.15
2020-08-11;12.54
2020-08-12;12.65
2020-08-13;12.27
2020-08-14;12.11
2020-08-17;12.72
2020-08-18;13.08
2020-08-19;12.99
2020-08-20;12.87
2020-08-21;12.59
2020-08-24;12.49
2020-08-25;12.8
2020-08-26;12.94
2020-08-27;12.99
2020-08-28;13.52
2020-08-31;13.37
2020-09-01;13.19
2020-09-02;13.42
2020-09-03;13.37
2020-09-04;13.45
2020-09-08;12.94
2020-09-09;13.25
2020-09-10;13.29
2020-09-11;13.27
2020-09-14;13.43
2020-09-15;13.86
2020-09-16;14.23
2020-09-17;14.32
2020-09-18;13.93
2020-09-21;13.46
2020-09-22;13.24
2020-09-23;13.51
2020-09-24;13.46
2020-09-25;12.87
2020-09-28;12.81
2020-09-29;12.95
2020-09-30;13.2
2020-10-01;13.44
2020-10-02;13.3
2020-10-05;13
2020-10-06;13.18
2020-10-07;13.15
2020-10-08;13.54
2020-10-09;13.29
2020-10-12;13.42
2020-10-13;13.42
2020-10-14;13.91
2020-10-15;13.61
2020-10-16;13.2
2020-10-19;12.94
2020-10-20;13.1
2020-10-21;13.15
2020-10-22;13.13
2020-10-23;12.91
2020-10-26;12.84
2020-10-27;12.95
2020-10-28;12.53
2020-10-29;12.8
2020-10-30;12.54
2020-11-02;12.8
2020-11-03;12.9
2020-11-04;14.04
2020-11-05;14
2020-11-06;14
2020-11-09;14.13
2020-11-10;13.54
2020-11-11;13.42
2020-11-12;13.33
2020-11-13;13.24
2020-11-16;13.47
2020-11-17;14.01
2020-11-18;14.04
2020-11-19;14.05
2020-11-20;14.21
2020-11-23;14.84
2020-11-24;14.64
2020-11-25;14.47
2020-11-27;14.93
2020-11-30;14.4
2020-12-01;14.47
2020-12-02;14.41
2020-12-03;14.65
2020-12-04;14.75
2020-12-07;14.82
2020-12-08;14.93
2020-12-09;14.73
2020-12-10;15.1
2020-12-11;15.11
2020-12-14;16.459999
2020-12-15;17.360001
2020-12-16;17.65
2020-12-17;17.42
2020-12-18;18
2020-12-21;17.98
2020-12-22;17.959999
2020-12-23;17.940001
2020-12-24;17.43
2020-12-28;18.58
2020-12-29;18.549999
2020-12-30;18.360001
2020-12-31;18.690001
2021-01-04;19.370001
2021-01-05;19.58
2021-01-06;19.139999
2021-01-07;19.6
2021-01-08;20.370001
2021-01-11;19.18
2021-01-12;21.27
2021-01-13;22.870001
2021-01-14;22.690001
2021-01-15;22.530001
2021-01-19;23.969999
2021-01-20;23.35
2021-01-21;23.75
2021-01-22;23.950001
2021-01-25;24.950001
2021-01-26;25.780001
2021-01-27;24.950001
2021-01-28;24.549999
2021-01-29;23.209999
2021-02-01;24.9
2021-02-02;25.08
2021-02-03;26.280001
2021-02-04;25.389999
2021-02-05;25.450001
2021-02-08;25.370001
2021-02-09;26.42
2021-02-10;25.879999
2021-02-11;25.85
2021-02-12;25.889999
2021-02-16;26.52
2021-02-17;27.559999
2021-02-18;27.389999
2021-02-19;27.67
2021-02-22;25.99
2021-02-23;26.01
2021-02-24;25.9
2021-02-25;26.01
2021-02-26;25.297001
